{"v":"5.5.9","fr":8,"ip":0,"op":48,"w":1200,"h":1200,"nm":"horse 2","ddd":0,"assets":[{"id":"comp_0","layers":[{"ddd":0,"ind":1,"ty":0,"nm":"horse","refId":"comp_1","sr":1,"ks":{"o":{"a":0,"k":100,"ix":11},"r":{"a":0,"k":0,"ix":10},"p":{"a":0,"k":[600,600,0],"ix":2},"a":{"a":0,"k":[234,194,0],"ix":1},"s":{"a":0,"k":[100,100,100],"ix":6}},"ao":0,"tm":{"a":1,"k":[{"i":{"x":[0.833],"y":[0.833]},"o":{"x":[0.167],"y":[0.167]},"t":1,"s":[0]},{"t":7,"s":[0.75]}],"ix":2,"x":"var $bm_rt;\n$bm_rt = loopOut();"},"w":468,"h":388,"ip":6,"op":7,"st":1,"bm":0},{"ddd":0,"ind":2,"ty":0,"nm":"horse","refId":"comp_1","sr":1,"ks":{"o":{"a":0,"k":100,"ix":11},"r":{"a":0,"k":0,"ix":10},"p":{"a":0,"k":[600,600,0],"ix":2},"a":{"a":0,"k":[234,194,0],"ix":1},"s":{"a":0,"k":[100,100,100],"ix":6}},"ao":0,"tm":{"a":1,"k":[{"i":{"x":[0.833],"y":[0.833]},"o":{"x":[0.167],"y":[0.167]},"t":0,"s":[0]},{"t":6,"s":[0.75]}],"ix":2,"x":"var $bm_rt;\n$bm_rt = loopOut();"},"w":468,"h":388,"ip":0,"op":48,"st":0,"bm":0}]},{"id":"comp_1","layers":[{"ddd":0,"ind":1,"ty":4,"nm":"Rear1","sr":1,"ks":{"o":{"a":0,"k":100,"ix":11},"r":{"a":1,"k":[{"i":{"x":[0.833],"y":[0.833]},"o":{"x":[0.167],"y":[0.167]},"t":0,"s":[0]},{"i":{"x":[0.833],"y":[0.833]},"o":{"x":[0.167],"y":[0.167]},"t":1,"s":[-16]},{"i":{"x":[0.833],"y":[0.833]},"o":{"x":[0.167],"y":[0.167]},"t":3,"s":[-16]},{"t":4,"s":[42]}],"ix":10},"p":{"a":0,"k":[312.846,189,0],"ix":2},"a":{"a":0,"k":[78.846,-5,0],"ix":1},"s":{"a":0,"k":[100,100,100],"ix":6}},"ao":0,"shapes":[{"ty":"gr","it":[{"ind":0,"ty":"sh","ix":1,"ks":{"a":1,"k":[{"i":{"x":0.833,"y":0.833},"o":{"x":0.167,"y":0.167},"t":0,"s":[{"i":[[0,0],[-13,-19],[0,0],[0,0],[0,0],[0,0],[0,0]],"o":[[0,0],[13,19],[0,0],[0,0],[0,0],[0,0],[0,0]],"v":[[102,-20],[58,8],[113,43],[111,88],[137,90],[135,38],[106.378,14.785]],"c":true}]},{"i":{"x":0.833,"y":0.833},"o":{"x":0.167,"y":0.167},"t":1,"s":[{"i":[[0,0],[-13,-19],[0,0],[0,0],[0,0],[0,0],[0,0]],"o":[[0,0],[13,19],[0,0],[0,0],[0,0],[0,0],[0,0]],"v":[[102,-20],[58,8],[110.795,50.69],[133.25,90.219],[152.797,89.328],[137.46,51.189],[106.378,14.785]],"c":true}]},{"i":{"x":0.833,"y":0.833},"o":{"x":0.167,"y":0.167},"t":2,"s":[{"i":[[0,0],[-13,-19],[0,0],[0,0],[0,0],[0,0],[0,0]],"o":[[0,0],[13,19],[0,0],[0,0],[0,0],[0,0],[0,0]],"v":[[88.67,-13.419],[58,8],[110.795,50.69],[153.719,87.766],[162.289,74.365],[137.46,51.189],[106.378,14.785]],"c":true}]},{"i":{"x":0.833,"y":0.833},"o":{"x":0.167,"y":0.167},"t":3,"s":[{"i":[[0,0],[-13,-19],[0,0],[0,0],[0,0],[0,0],[0,0]],"o":[[0,0],[13,19],[0,0],[0,0],[0,0],[0,0],[0,0]],"v":[[88.67,-13.419],[54.014,11.018],[93.506,31.168],[95.358,69.991],[117.251,57.289],[111.668,17.786],[106.378,14.785]],"c":true}]},{"i":{"x":0.833,"y":0.833},"o":{"x":0.167,"y":0.167},"t":4,"s":[{"i":[[0,0],[-13,-19],[0,0],[0,0],[0,0],[0,0],[0,0]],"o":[[0,0],[13,19],[0,0],[0,0],[0,0],[0,0],[0,0]],"v":[[88.67,-13.419],[54.014,11.018],[93.506,31.168],[95.358,69.991],[117.251,57.289],[111.668,17.786],[106.378,14.785]],"c":true}]},{"t":5,"s":[{"i":[[0,0],[-13,-19],[0,0],[0,0],[0,0],[0,0],[0,0]],"o":[[0,0],[13,19],[0,0],[0,0],[0,0],[0,0],[0,0]],"v":[[88.67,-13.419],[54.018,31.199],[82.181,78.37],[77.791,121.468],[95.262,112.075],[104.394,62.013],[91.034,37.347]],"c":true}]}],"ix":2},"nm":"Path 1","mn":"ADBE Vector Shape - Group","hd":false},{"ty":"fl","c":{"a":0,"k":[0.050980395897,0.36862745098,0.533333333333,1],"ix":4},"o":{"a":0,"k":100,"ix":5},"r":1,"bm":0,"nm":"Fill 1","mn":"ADBE Vector Graphic - Fill","hd":false},{"ty":"tr","p":{"a":0,"k":[0,0],"ix":2},"a":{"a":0,"k":[0,0],"ix":1},"s":{"a":0,"k":[100,100],"ix":3},"r":{"a":0,"k":0,"ix":6},"o":{"a":0,"k":100,"ix":7},"sk":{"a":0,"k":0,"ix":4},"sa":{"a":0,"k":0,"ix":5},"nm":"Transform"}],"nm":"Shape 1","np":3,"cix":2,"bm":0,"ix":1,"mn":"ADBE Vector Group","hd":false},{"ty":"gr","it":[{"ind":0,"ty":"sh","ix":1,"ks":{"a":1,"k":[{"i":{"x":0.833,"y":0.833},"o":{"x":0.167,"y":0.167},"t":0,"s":[{"i":[[0,0],[0,0],[-10,8],[0,0]],"o":[[0,0],[0,0],[10,-8],[0,0]],"v":[[110.596,91.987],[103.164,108.72],[127.628,105.413],[134.797,91.328]],"c":false}]},{"i":{"x":0.833,"y":0.833},"o":{"x":0.167,"y":0.167},"t":1,"s":[{"i":[[0,0],[0,0],[-10,8],[0,0]],"o":[[0,0],[0,0],[10,-8],[0,0]],"v":[[132.596,92.987],[135.164,106.72],[151.628,104.413],[150.797,82.328]],"c":false}]},{"i":{"x":0.833,"y":0.833},"o":{"x":0.167,"y":0.167},"t":2,"s":[{"i":[[0,0],[0,0],[3.208,14.327],[0,0]],"o":[[0,0],[0,0],[-2.798,-12.497],[0,0]],"v":[[153.066,90.534],[169.931,90.682],[167.588,77.78],[160.289,67.365]],"c":false}]},{"i":{"x":0.833,"y":0.833},"o":{"x":0.167,"y":0.167},"t":3,"s":[{"i":[[0,0],[0,0],[3.208,14.327],[0,0]],"o":[[0,0],[0,0],[-2.798,-12.497],[0,0]],"v":[[95.39,73.995],[100.438,79.078],[123.645,64.139],[117.442,57.159]],"c":false}]},{"i":{"x":0.833,"y":0.833},"o":{"x":0.167,"y":0.167},"t":4,"s":[{"i":[[0,0],[0,0],[3.208,14.327],[0,0]],"o":[[0,0],[0,0],[-2.798,-12.497],[0,0]],"v":[[95.39,73.995],[100.438,79.078],[123.645,64.139],[117.442,57.159]],"c":false}]},{"t":5,"s":[{"i":[[0,0],[0,0],[-5.718,14.76],[0,0]],"o":[[0,0],[0,0],[4.626,-11.942],[0,0]],"v":[[77.785,122.815],[77.316,138.584],[96.621,120.431],[96.122,112.688]],"c":false}]}],"ix":2},"nm":"Path 1","mn":"ADBE Vector Shape - Group","hd":false},{"ty":"fl","c":{"a":0,"k":[0.8625908494,0.8789742589,0.887469351292,1],"ix":4},"o":{"a":0,"k":100,"ix":5},"r":1,"bm":0,"nm":"Fill 1","mn":"ADBE Vector Graphic - Fill","hd":false},{"ty":"tr","p":{"a":0,"k":[0,0],"ix":2},"a":{"a":0,"k":[0,0],"ix":1},"s":{"a":0,"k":[100,100],"ix":3},"r":{"a":0,"k":0,"ix":6},"o":{"a":0,"k":100,"ix":7},"sk":{"a":0,"k":0,"ix":4},"sa":{"a":0,"k":0,"ix":5},"nm":"Transform"}],"nm":"Shape 2","np":3,"cix":2,"bm":0,"ix":2,"mn":"ADBE Vector Group","hd":false}],"ip":0,"op":8,"st":0,"bm":0},{"ddd":0,"ind":2,"ty":4,"nm":"Fore1","sr":1,"ks":{"o":{"a":0,"k":100,"ix":11},"r":{"a":1,"k":[{"i":{"x":[0.833],"y":[0.833]},"o":{"x":[0.167],"y":[0.167]},"t":1,"s":[35]},{"i":{"x":[0.833],"y":[0.833]},"o":{"x":[0.167],"y":[0.167]},"t":2,"s":[19]},{"i":{"x":[0.833],"y":[0.833]},"o":{"x":[0.167],"y":[0.167]},"t":3,"s":[-40]},{"i":{"x":[0.833],"y":[0.833]},"o":{"x":[0.167],"y":[0.167]},"t":4,"s":[-40]},{"t":5,"s":[21]}],"ix":10},"p":{"a":0,"k":[209,205,0],"ix":2},"a":{"a":0,"k":[-25,11,0],"ix":1},"s":{"a":0,"k":[100,100,100],"ix":6}},"ao":0,"shapes":[{"ty":"gr","it":[{"ind":0,"ty":"sh","ix":1,"ks":{"a":1,"k":[{"i":{"x":0.833,"y":0.833},"o":{"x":0.167,"y":0.167},"t":0,"s":[{"i":[[0,0],[0,0],[0,0],[-6,7.558],[0.389,1.864]],"o":[[0,0],[0,0],[0,0],[6,-7.558],[-0.389,-1.864]],"v":[[-36.029,80.677],[-50.608,104.314],[-45.979,109.618],[-33.282,103.779],[-30.253,87.619]],"c":true}]},{"i":{"x":0.833,"y":0.833},"o":{"x":0.167,"y":0.167},"t":1,"s":[{"i":[[0,0],[0,0],[0,0],[-6,7.558],[-6.655,6.186]],"o":[[0,0],[0,0],[0,0],[6,-7.558],[1.395,-1.296]],"v":[[-42.579,109.679],[-61.974,113.798],[-69.591,129.508],[-58.367,132.026],[-41.922,120.206]],"c":true}]},{"i":{"x":0.833,"y":0.833},"o":{"x":0.167,"y":0.167},"t":2,"s":[{"i":[[0,0],[0,0],[0,0],[-9.524,-1.556],[-8.244,0.462]],"o":[[0,0],[0,0],[0,0],[9.751,1.593],[1.901,-0.107]],"v":[[-46.602,102.603],[-64.029,97.848],[-67.999,106.486],[-58.496,110.918],[-47.697,111.882]],"c":true}]},{"i":{"x":0.833,"y":0.833},"o":{"x":0.167,"y":0.167},"t":3,"s":[{"i":[[0,0],[0,0],[0,0],[-9.524,-1.556],[-3.374,3.654]],"o":[[0,0],[0,0],[0,0],[9.751,1.593],[4.156,-4.501]],"v":[[-51.612,98.073],[-67.368,81.992],[-77.672,89.232],[-63.783,103.218],[-53.62,102.996]],"c":true}]},{"i":{"x":0.833,"y":0.833},"o":{"x":0.167,"y":0.167},"t":4,"s":[{"i":[[0,0],[0,0],[0,0],[-1.605,-0.135],[-3.374,3.654]],"o":[[0,0],[0,0],[0,0],[9.845,0.831],[4.156,-4.501]],"v":[[-17.221,75.367],[-29.944,89.898],[-26.053,93.056],[-22.377,97.82],[-8.491,85.384]],"c":true}]},{"t":5,"s":[{"i":[[0,0],[0,0],[0,0],[0.353,1.571],[4.105,-2.808]],"o":[[0,0],[0,0],[0,0],[-1.384,-6.157],[-7.64,5.226]],"v":[[-7.997,49.867],[11.504,57.652],[11.86,57.883],[14.381,45.685],[-3.294,42.417]],"c":true}]}],"ix":2},"nm":"Path 1","mn":"ADBE Vector Shape - Group","hd":false},{"ty":"fl","c":{"a":0,"k":[0.909803986549,0.92156869173,0.925490260124,0.996078491211],"ix":4},"o":{"a":0,"k":100,"ix":5},"r":1,"bm":0,"nm":"Fill 1","mn":"ADBE Vector Graphic - Fill","hd":false},{"ty":"tr","p":{"a":0,"k":[0,0],"ix":2},"a":{"a":0,"k":[0,0],"ix":1},"s":{"a":0,"k":[100,100],"ix":3},"r":{"a":0,"k":0,"ix":6},"o":{"a":0,"k":100,"ix":7},"sk":{"a":0,"k":0,"ix":4},"sa":{"a":0,"k":0,"ix":5},"nm":"Transform"}],"nm":"Shape 2","np":3,"cix":2,"bm":0,"ix":1,"mn":"ADBE Vector Group","hd":false},{"ty":"gr","it":[{"ind":0,"ty":"sh","ix":1,"ks":{"a":1,"k":[{"i":{"x":0.833,"y":0.833},"o":{"x":0.167,"y":0.167},"t":0,"s":[{"i":[[0,0],[0,0],[-1.664,-18.244],[0,0],[0,0],[6.417,4.025],[0.753,1.752],[0,0],[0,0]],"o":[[0,0],[0,0],[1.49,16.333],[0,0],[0,0],[-1.143,-0.717],[-3.471,-8.082],[0,0],[0,0]],"v":[[-36.019,13.799],[-65.013,46.472],[-62.161,81.455],[-50.965,104.906],[-38.013,86.816],[-40.202,76.553],[-43.026,72.723],[-46.243,48.23],[-11.019,16.799]],"c":true}]},{"i":{"x":0.833,"y":0.833},"o":{"x":0.167,"y":0.167},"t":1,"s":[{"i":[[0,0],[0,0],[-2.816,0.538],[0,0],[0,0],[-2.323,7.21],[-3.172,10.878],[0,0],[0,0]],"o":[[0,0],[0,0],[20.027,-3.828],[0,0],[0,0],[0.313,-0.973],[3.172,-10.878],[0,0],[0,0]],"v":[[-42.9,16.176],[-47.034,25.948],[-61.767,113.835],[-43.059,107.916],[-41.648,88.598],[-40.202,76.553],[-38.252,73.951],[-34.854,61.008],[-19.129,13.933]],"c":true}]},{"i":{"x":0.833,"y":0.833},"o":{"x":0.167,"y":0.167},"t":3,"s":[{"i":[[0,0],[0,0],[-1.796,-2.236],[0,0],[0,0],[-2.323,7.21],[-3.172,10.878],[0,0],[0,0]],"o":[[0,0],[0,0],[9.936,12.372],[0,0],[0,0],[0.313,-0.973],[3.172,-10.878],[0,0],[0,0]],"v":[[-42.9,16.176],[-52.591,59.795],[-66.653,82.321],[-51.411,97.645],[-45.923,84.358],[-40.202,76.553],[-38.252,73.951],[-34.854,61.008],[-19.129,13.933]],"c":true}]},{"i":{"x":0.833,"y":0.833},"o":{"x":0.167,"y":0.167},"t":4,"s":[{"i":[[0,0],[0,0],[-1.796,-2.236],[0,0],[0,0],[-0.062,-0.689],[-0.085,-0.386],[8.629,9.013],[0,0]],"o":[[0,0],[0,0],[9.936,12.372],[0,0],[0,0],[0.442,-0.921],[-6.526,-8.439],[-8.252,-8.619],[0,0]],"v":[[-50.82,10.835],[-52.861,54.673],[-42.472,68.671],[-32.512,84.457],[-32.83,83.923],[-29.713,88.944],[-17.225,74.951],[-29.923,60.577],[-21.749,12.387]],"c":true}]},{"t":5,"s":[{"i":[[0,0],[0,0],[-2.854,0.274],[0,0],[0,0],[-0.062,-0.689],[-0.085,-0.386],[4.08,4.036],[0,0]],"o":[[0,0],[0,0],[13.666,-1.314],[0,0],[0,0],[0.442,-0.921],[-0.602,0.778],[-3.874,-3.832],[0,0]],"v":[[-40.689,26.762],[-51.81,65.784],[-43.408,72.512],[-17.031,69.677],[3.69,65.351],[11.428,58.691],[-7.409,50.296],[-24.588,54.244],[-14.2,23.682]],"c":true}]}],"ix":2},"nm":"Path 1","mn":"ADBE Vector Shape - Group","hd":false},{"ty":"fl","c":{"a":0,"k":[0.050980395897,0.36862745098,0.533333333333,1],"ix":4},"o":{"a":0,"k":100,"ix":5},"r":1,"bm":0,"nm":"Fill 1","mn":"ADBE Vector Graphic - Fill","hd":false},{"ty":"tr","p":{"a":0,"k":[0,0],"ix":2},"a":{"a":0,"k":[0,0],"ix":1},"s":{"a":0,"k":[100,100],"ix":3},"r":{"a":0,"k":0,"ix":6},"o":{"a":0,"k":100,"ix":7},"sk":{"a":0,"k":0,"ix":4},"sa":{"a":0,"k":0,"ix":5},"nm":"Transform"}],"nm":"Shape 1","np":3,"cix":2,"bm":0,"ix":2,"mn":"ADBE Vector Group","hd":false},{"ind":2,"ty":"sh","ix":3,"ks":{"a":0,"k":{"i":[],"o":[],"v":[],"c":false},"ix":2},"nm":"Path 1","mn":"ADBE Vector Shape - Group","hd":false}],"ip":0,"op":8,"st":0,"bm":0},{"ddd":0,"ind":3,"ty":4,"nm":"Body","sr":1,"ks":{"o":{"a":0,"k":100,"ix":11},"r":{"a":0,"k":-5,"ix":10},"p":{"a":0,"k":[234,203,0],"ix":2},"a":{"a":0,"k":[0,0,0],"ix":1},"s":{"a":0,"k":[112,112,100],"ix":6}},"ao":0,"shapes":[{"ty":"gr","it":[{"ind":0,"ty":"sh","ix":1,"ks":{"a":1,"k":[{"i":{"x":0.833,"y":0.833},"o":{"x":0.167,"y":0.167},"t":0,"s":[{"i":[[-57.424,-5.774],[0,-16.805],[42.951,0],[0,16.805]],"o":[[42.735,4.297],[0,16.805],[-42.951,0],[0,-16.805]],"v":[[-0.889,-30.506],[65.94,-8.205],[0,30.428],[-67.407,4.492]],"c":true}]},{"i":{"x":0.833,"y":0.833},"o":{"x":0.167,"y":0.167},"t":1,"s":[{"i":[[-57.424,-5.774],[0,-16.805],[42.951,0],[-0.485,16.798]],"o":[[42.735,4.297],[0,16.805],[-42.951,0],[0.811,-28.052]],"v":[[-0.889,-30.506],[65.94,-8.205],[0,30.428],[-81.561,2.357]],"c":true}]},{"i":{"x":0.833,"y":0.833},"o":{"x":0.167,"y":0.167},"t":2,"s":[{"i":[[-57.424,-5.774],[-11.993,-11.772],[41.395,-7.793],[-0.485,16.798]],"o":[[42.735,4.297],[17.849,17.52],[-42.209,7.946],[0.811,-28.052]],"v":[[-2.09,-27.026],[50.974,-11.307],[-1.312,24.935],[-89.677,-7.316]],"c":true}]},{"i":{"x":0.833,"y":0.833},"o":{"x":0.167,"y":0.167},"t":3,"s":[{"i":[[-57.714,0.18],[-11.993,-11.772],[41.395,-7.793],[-0.485,16.798]],"o":[[47.843,-0.149],[17.849,17.52],[-42.209,7.946],[0.811,-28.052]],"v":[[2.935,-23.001],[57.512,-14.32],[-2.591,29.305],[-84.385,3.903]],"c":true}]},{"i":{"x":0.833,"y":0.833},"o":{"x":0.167,"y":0.167},"t":4,"s":[{"i":[[-57.316,6.766],[-0.835,-16.784],[41.395,-7.793],[-0.485,16.798]],"o":[[42.896,-5.064],[1.828,36.732],[-42.209,7.946],[0.811,-28.052]],"v":[[-3.869,-27.181],[51.208,-13.975],[-2.935,23.001],[-84.385,3.903]],"c":true}]},{"i":{"x":0.833,"y":0.833},"o":{"x":0.167,"y":0.167},"t":5,"s":[{"i":[[-57.316,6.766],[-4.047,-16.31],[41.395,-7.793],[7.36,20.023]],"o":[[42.895,-5.064],[8.366,33.719],[-42.209,7.946],[-9.682,-26.341]],"v":[[-3.869,-27.181],[58.246,-12.463],[-2.935,23.001],[-80.171,6.96]],"c":true}]},{"t":6,"s":[{"i":[[-57.316,6.766],[-4.047,-16.31],[41.395,-7.793],[7.36,20.023]],"o":[[42.895,-5.064],[8.366,33.719],[-42.209,7.946],[-9.682,-26.341]],"v":[[-3.869,-27.181],[58.246,-12.463],[-2.935,23.001],[-80.171,6.96]],"c":true}]}],"ix":2},"nm":"Path 1","mn":"ADBE Vector Shape - Group","hd":false},{"ty":"fl","c":{"a":0,"k":[0.050980395897,0.36862745098,0.533333333333,1],"ix":4},"o":{"a":0,"k":100,"ix":5},"r":1,"bm":0,"nm":"Fill 1","mn":"ADBE Vector Graphic - Fill","hd":false},{"ty":"tr","p":{"a":0,"k":[24.77,-10.572],"ix":2},"a":{"a":0,"k":[0,0],"ix":1},"s":{"a":0,"k":[100,100],"ix":3},"r":{"a":0,"k":0,"ix":6},"o":{"a":0,"k":100,"ix":7},"sk":{"a":0,"k":0,"ix":4},"sa":{"a":0,"k":0,"ix":5},"nm":"Transform"}],"nm":"Ellipse 1","np":3,"cix":2,"bm":0,"ix":1,"mn":"ADBE Vector Group","hd":false}],"ip":0,"op":8,"st":0,"bm":0},{"ddd":0,"ind":4,"ty":4,"nm":"ツノ","parent":5,"sr":1,"ks":{"o":{"a":0,"k":100,"ix":11},"r":{"a":0,"k":11,"ix":10},"p":{"a":0,"k":[-55.941,-72.71,0],"ix":2},"a":{"a":0,"k":[-25.25,12,0],"ix":1},"s":{"a":0,"k":[-137.111,138.889,100],"ix":6}},"ao":0,"shapes":[{"ty":"gr","it":[{"ind":0,"ty":"sh","ix":1,"ks":{"a":0,"k":{"i":[[-1.344,3.61],[6.952,3.811],[-0.046,-1.505],[8.497,-3.313],[10.794,5.654],[4.345,9.414],[0.733,3.42],[-0.477,4.86],[-2.047,10.301],[1.841,0.573],[0.194,1.937],[0.987,1.678],[9.035,-9.221],[2.249,1.469],[1.162,6.091],[-0.114,5.708],[4.987,-2.713],[3.777,2.338],[-4.985,-3.67],[-5.564,-6.007],[-1.501,-5.527],[10.863,-0.521],[1.226,-1.655],[-2.238,-0.279],[-5.268,-1.127],[-5.633,-5.887],[-4.36,-5.228],[-4.814,-3.385],[-6.24,-0.244],[-8.647,4.427],[-3.085,2.939]],"o":[[2.505,-6.726],[1.283,0.703],[0.313,10.282],[-11.084,4.322],[-9.414,-4.931],[-1.466,-3.176],[-1.023,-4.775],[0.276,-2.816],[-2.382,4.935],[-1.859,-0.578],[-0.194,-1.937],[-1.941,12.351],[-2.379,2.428],[-4.879,-3.186],[-1.078,-5.65],[0.098,-4.877],[-4.754,2.586],[2.308,6.271],[6.664,4.907],[4.032,4.353],[-9.569,-5.168],[-2.057,0.099],[1.835,1.312],[5.346,0.666],[8.084,1.729],[4.711,4.923],[3.74,4.484],[5.193,3.652],[9.676,0.378],[3.78,-1.935],[2.44,-2.324]],"v":[[11.133,-9.835],[6.302,-28.043],[8.315,-19.226],[-11.648,2.941],[-48.342,2.702],[-68.301,-20.887],[-71.976,-30.692],[-72.051,-45.278],[-44.93,-92],[-62.599,-69.504],[-62.687,-81.578],[-63.734,-87.267],[-77.311,-53.812],[-86.388,-56.292],[-97.578,-70.112],[-97.047,-87.667],[-103.998,-74.952],[-119.752,-80.622],[-105.206,-67.772],[-88.268,-50.314],[-81.97,-32.626],[-113.396,-39.773],[-118.986,-37.679],[-112.589,-35.709],[-96.572,-33.613],[-77.056,-21.926],[-63.885,-6.225],[-51.907,7.189],[-33.599,12.571],[-5.34,6.621],[5.173,-0.563]],"c":true},"ix":2},"nm":"Path 1","mn":"ADBE Vector Shape - Group","hd":false},{"ty":"fl","c":{"a":0,"k":[0,0,0,1],"ix":4},"o":{"a":0,"k":100,"ix":5},"r":1,"bm":0,"nm":"Fill 1","mn":"ADBE Vector Graphic - Fill","hd":false},{"ty":"tr","p":{"a":0,"k":[0,0],"ix":2},"a":{"a":0,"k":[0,0],"ix":1},"s":{"a":0,"k":[100,100],"ix":3},"r":{"a":0,"k":0,"ix":6},"o":{"a":0,"k":100,"ix":7},"sk":{"a":0,"k":0,"ix":4},"sa":{"a":0,"k":0,"ix":5},"nm":"Transform"}],"nm":"Group 1","np":2,"cix":2,"bm":0,"ix":1,"mn":"ADBE Vector Group","hd":false}],"ip":0,"op":8,"st":0,"bm":0},{"ddd":0,"ind":5,"ty":4,"nm":"Head","parent":3,"sr":1,"ks":{"o":{"a":0,"k":100,"ix":11},"r":{"a":1,"k":[{"i":{"x":[0.833],"y":[0.833]},"o":{"x":[0.167],"y":[0.167]},"t":0,"s":[-25]},{"i":{"x":[0.833],"y":[0.833]},"o":{"x":[0.167],"y":[0.167]},"t":1,"s":[-25]},{"i":{"x":[0.833],"y":[0.833]},"o":{"x":[0.167],"y":[0.167]},"t":2,"s":[-33]},{"t":3,"s":[-46]}],"ix":10},"p":{"a":1,"k":[{"i":{"x":0.833,"y":0.833},"o":{"x":0.167,"y":0.167},"t":0,"s":[-26.206,-35.131,0],"to":[-2,0,0],"ti":[3.5,1.167,0]},{"i":{"x":0.833,"y":0.833},"o":{"x":0.167,"y":0.167},"t":1,"s":[-38.206,-35.131,0],"to":[-3.5,-1.167,0],"ti":[1.835,0.748,0]},{"i":{"x":0.833,"y":0.833},"o":{"x":0.167,"y":0.167},"t":2,"s":[-47.206,-42.131,0],"to":[-1.835,-0.748,0],"ti":[0.335,-0.419,0]},{"t":3,"s":[-49.218,-39.618,0]}],"ix":2},"a":{"a":0,"k":[-51.783,18.091,0],"ix":1},"s":{"a":0,"k":[64.286,64.286,100],"ix":6}},"ao":0,"shapes":[{"ty":"gr","it":[{"ind":0,"ty":"sh","ix":1,"ks":{"a":1,"k":[{"i":{"x":0.833,"y":0.833},"o":{"x":0.167,"y":0.167},"t":2,"s":[{"i":[[0,0],[-12.577,-46.657],[0,0],[0,0],[0,0]],"o":[[0,0],[12.577,46.657],[0,0],[0,0],[0,0]],"v":[[0.73,-63.018],[27.189,-2.113],[51.584,61.121],[-44.639,58.516],[-26.411,-65.832]],"c":true}]},{"t":3,"s":[{"i":[[0,0],[-12.577,-46.657],[0,0],[0,0],[0,0]],"o":[[0,0],[12.577,46.657],[0,0],[0,0],[0,0]],"v":[[0.73,-63.018],[18.085,-37.632],[31.076,77.728],[-44.639,58.516],[-26.411,-65.832]],"c":true}]}],"ix":2},"nm":"Path 1","mn":"ADBE Vector Shape - Group","hd":false},{"ty":"fl","c":{"a":0,"k":[0.050980395897,0.36862745098,0.533333333333,1],"ix":4},"o":{"a":0,"k":100,"ix":5},"r":1,"bm":0,"nm":"Fill 1","mn":"ADBE Vector Graphic - Fill","hd":false},{"ty":"tr","p":{"a":0,"k":[-49.413,-5.912],"ix":2},"a":{"a":0,"k":[0,0],"ix":1},"s":{"a":0,"k":[100,100],"ix":3},"r":{"a":0,"k":0,"ix":6},"o":{"a":0,"k":100,"ix":7},"sk":{"a":0,"k":0,"ix":4},"sa":{"a":0,"k":0,"ix":5},"nm":"Transform"}],"nm":"Rectangle 1","np":3,"cix":2,"bm":0,"ix":1,"mn":"ADBE Vector Group","hd":false},{"ty":"gr","it":[{"d":1,"ty":"el","s":{"a":0,"k":[118.738,56.809],"ix":2},"p":{"a":0,"k":[0,0],"ix":3},"nm":"Ellipse Path 1","mn":"ADBE Vector Shape - Ellipse","hd":false},{"ty":"fl","c":{"a":0,"k":[0.050980395897,0.36862745098,0.533333333333,1],"ix":4},"o":{"a":0,"k":100,"ix":5},"r":1,"bm":0,"nm":"Fill 1","mn":"ADBE Vector Graphic - Fill","hd":false},{"ty":"tr","p":{"a":0,"k":[-44.604,-59.408],"ix":2},"a":{"a":0,"k":[55.027,6.188],"ix":1},"s":{"a":0,"k":[100,100],"ix":3},"r":{"a":1,"k":[{"i":{"x":[0.833],"y":[0.833]},"o":{"x":[0.167],"y":[0.167]},"t":3,"s":[0]},{"i":{"x":[0.833],"y":[0.833]},"o":{"x":[0.167],"y":[0.167]},"t":4,"s":[12]},{"t":5,"s":[0]}],"ix":6},"o":{"a":0,"k":100,"ix":7},"sk":{"a":0,"k":0,"ix":4},"sa":{"a":0,"k":0,"ix":5},"nm":"Transform"}],"nm":"Ellipse 1","np":3,"cix":2,"bm":0,"ix":2,"mn":"ADBE Vector Group","hd":false}],"ip":0,"op":8,"st":0,"bm":0},{"ddd":0,"ind":6,"ty":4,"nm":"ツノ２","parent":5,"sr":1,"ks":{"o":{"a":0,"k":100,"ix":11},"r":{"a":0,"k":40,"ix":10},"p":{"a":0,"k":[-65.567,-79.224,0],"ix":2},"a":{"a":0,"k":[-22.724,13.083,0],"ix":1},"s":{"a":0,"k":[-138.111,138.889,100],"ix":6}},"ao":0,"shapes":[{"ty":"gr","it":[{"ind":0,"ty":"sh","ix":1,"ks":{"a":0,"k":{"i":[[-1.344,3.61],[6.952,3.811],[-0.046,-1.505],[8.497,-3.313],[10.794,5.654],[4.345,9.414],[0.733,3.42],[-0.477,4.86],[-2.047,10.301],[1.841,0.573],[0.194,1.937],[0.987,1.678],[9.035,-9.221],[2.249,1.469],[1.162,6.091],[-0.114,5.708],[4.987,-2.713],[3.777,2.338],[-4.985,-3.67],[-5.564,-6.007],[-1.501,-5.527],[10.863,-0.521],[1.226,-1.655],[-2.238,-0.279],[-5.268,-1.127],[-5.633,-5.887],[-4.36,-5.228],[-4.814,-3.385],[-6.24,-0.244],[-8.647,4.427],[-3.085,2.939]],"o":[[2.505,-6.726],[1.283,0.703],[0.313,10.282],[-11.084,4.322],[-9.414,-4.931],[-1.466,-3.176],[-1.023,-4.775],[0.276,-2.816],[-2.382,4.935],[-1.859,-0.578],[-0.194,-1.937],[-1.941,12.351],[-2.379,2.428],[-4.879,-3.186],[-1.078,-5.65],[0.098,-4.877],[-4.754,2.586],[2.308,6.271],[6.664,4.907],[4.032,4.353],[-9.569,-5.168],[-2.057,0.099],[1.835,1.312],[5.346,0.666],[8.084,1.729],[4.711,4.923],[3.74,4.484],[5.193,3.652],[9.676,0.378],[3.78,-1.935],[2.44,-2.324]],"v":[[11.133,-9.835],[6.302,-28.043],[8.315,-19.226],[-11.648,2.941],[-48.342,2.702],[-68.301,-20.887],[-71.976,-30.692],[-72.051,-45.278],[-44.93,-92],[-62.599,-69.504],[-62.687,-81.578],[-63.734,-87.267],[-77.311,-53.812],[-86.388,-56.292],[-97.578,-70.112],[-97.047,-87.667],[-103.998,-74.952],[-119.752,-80.622],[-105.206,-67.772],[-88.268,-50.314],[-81.97,-32.626],[-113.396,-39.773],[-118.986,-37.679],[-112.589,-35.709],[-96.572,-33.613],[-77.056,-21.926],[-63.885,-6.225],[-51.907,7.189],[-33.599,12.571],[-5.34,6.621],[5.173,-0.563]],"c":true},"ix":2},"nm":"Path 1","mn":"ADBE Vector Shape - Group","hd":false},{"ty":"fl","c":{"a":0,"k":[0,0,0,1],"ix":4},"o":{"a":0,"k":100,"ix":5},"r":1,"bm":0,"nm":"Fill 1","mn":"ADBE Vector Graphic - Fill","hd":false},{"ty":"tr","p":{"a":0,"k":[0,0],"ix":2},"a":{"a":0,"k":[0,0],"ix":1},"s":{"a":0,"k":[100,100],"ix":3},"r":{"a":0,"k":0,"ix":6},"o":{"a":0,"k":100,"ix":7},"sk":{"a":0,"k":0,"ix":4},"sa":{"a":0,"k":0,"ix":5},"nm":"Transform"}],"nm":"Group 1","np":2,"cix":2,"bm":0,"ix":1,"mn":"ADBE Vector Group","hd":false}],"ip":0,"op":8,"st":0,"bm":0},{"ddd":0,"ind":7,"ty":4,"nm":"Fore2","sr":1,"ks":{"o":{"a":0,"k":100,"ix":11},"r":{"a":1,"k":[{"i":{"x":[0.833],"y":[0.833]},"o":{"x":[0.167],"y":[0.167]},"t":0,"s":[26]},{"i":{"x":[0.833],"y":[0.833]},"o":{"x":[0.167],"y":[0.167]},"t":1,"s":[35]},{"i":{"x":[0.833],"y":[0.833]},"o":{"x":[0.167],"y":[0.167]},"t":2,"s":[35]},{"i":{"x":[0.833],"y":[0.833]},"o":{"x":[0.167],"y":[0.167]},"t":3,"s":[19]},{"i":{"x":[0.833],"y":[0.833]},"o":{"x":[0.167],"y":[0.167]},"t":4,"s":[-40]},{"i":{"x":[0.833],"y":[0.833]},"o":{"x":[0.167],"y":[0.167]},"t":5,"s":[-40]},{"t":6,"s":[-40]}],"ix":10},"p":{"a":1,"k":[{"i":{"x":0.833,"y":0.833},"o":{"x":0.167,"y":0.167},"t":0,"s":[195,198,0],"to":[-2.833,0.5,0],"ti":[2.833,-0.5,0]},{"i":{"x":0.833,"y":0.833},"o":{"x":0.167,"y":0.167},"t":1,"s":[178,201,0],"to":[0,0,0],"ti":[0,0,0]},{"i":{"x":0.833,"y":0.833},"o":{"x":0.167,"y":0.167},"t":4,"s":[178,201,0],"to":[7.5,3.333,0],"ti":[-7.5,-3.333,0]},{"i":{"x":0.833,"y":0.833},"o":{"x":0.167,"y":0.167},"t":5,"s":[223,221,0],"to":[0,0,0],"ti":[0,0,0]},{"t":6,"s":[223,221,0]}],"ix":2},"a":{"a":0,"k":[-25,11,0],"ix":1},"s":{"a":0,"k":[100,100,100],"ix":6}},"ao":0,"shapes":[{"ty":"gr","it":[{"ind":0,"ty":"sh","ix":1,"ks":{"a":1,"k":[{"i":{"x":0.833,"y":0.833},"o":{"x":0.167,"y":0.167},"t":0,"s":[{"i":[[0,0],[0,0],[0,0],[2.815,8.494],[0.389,1.864]],"o":[[0,0],[0,0],[0,0],[-1.921,-5.795],[-0.389,-1.864]],"v":[[-22.109,45.167],[-18.917,65.496],[-12.923,62.309],[-7.278,51.457],[-10.27,40.945]],"c":true}]},{"i":{"x":0.833,"y":0.833},"o":{"x":0.167,"y":0.167},"t":1,"s":[{"i":[[0,0],[0,0],[0,0],[-6.749,6.897],[0.389,1.864]],"o":[[0,0],[0,0],[0,0],[4.27,-4.363],[-0.389,-1.864]],"v":[[-26.549,64.578],[-38.888,72.455],[-34.155,83.79],[-26.998,78.321],[-22.647,71.459]],"c":true}]},{"i":{"x":0.833,"y":0.833},"o":{"x":0.167,"y":0.167},"t":2,"s":[{"i":[[0,0],[0,0],[0,0],[-10.588,4.057],[-6.655,6.186]],"o":[[0,0],[0,0],[0,0],[9.011,-3.453],[1.395,-1.296]],"v":[[-42.932,76.05],[-64.027,81.664],[-65.827,93.912],[-54.42,92.333],[-41.477,85.102]],"c":true}]},{"i":{"x":0.833,"y":0.833},"o":{"x":0.167,"y":0.167},"t":3,"s":[{"i":[[0,0],[0,0],[0,0],[-9.525,1.546],[-8.192,1.036]],"o":[[0,0],[0,0],[0,0],[11.22,-1.821],[4.869,-0.616]],"v":[[-37.221,99.902],[-59.596,98.437],[-67.999,106.486],[-69.966,118.304],[-47.697,111.882]],"c":true}]},{"i":{"x":0.833,"y":0.833},"o":{"x":0.167,"y":0.167},"t":4,"s":[{"i":[[0,0],[0,0],[0,0],[-9.524,-1.556],[-3.374,3.654]],"o":[[0,0],[0,0],[0,0],[9.751,1.593],[4.156,-4.501]],"v":[[-54.258,104.338],[-68.414,88.295],[-80.978,92.005],[-61.82,109.434],[-53.62,102.996]],"c":true}]},{"i":{"x":0.833,"y":0.833},"o":{"x":0.167,"y":0.167},"t":5,"s":[{"i":[[0,0],[0,0],[0,0],[-1.605,-0.135],[-3.374,3.654]],"o":[[0,0],[0,0],[0,0],[9.845,0.831],[4.156,-4.501]],"v":[[-6.734,69.481],[-18.684,82.702],[-16.048,87.744],[-12.687,90.939],[0.45,82.117]],"c":true}]},{"t":6,"s":[{"i":[[0,0],[0,0],[0,0],[-1.605,-0.135],[-3.374,3.654]],"o":[[0,0],[0,0],[0,0],[9.845,0.831],[4.156,-4.501]],"v":[[-6.734,69.481],[-18.684,82.702],[-16.048,87.744],[-12.687,90.939],[0.45,82.117]],"c":true}]}],"ix":2},"nm":"Path 1","mn":"ADBE Vector Shape - Group","hd":false},{"ty":"fl","c":{"a":0,"k":[0.909803986549,0.92156869173,0.925490260124,0.996078491211],"ix":4},"o":{"a":0,"k":100,"ix":5},"r":1,"bm":0,"nm":"Fill 1","mn":"ADBE Vector Graphic - Fill","hd":false},{"ty":"tr","p":{"a":0,"k":[0,0],"ix":2},"a":{"a":0,"k":[0,0],"ix":1},"s":{"a":0,"k":[100,100],"ix":3},"r":{"a":0,"k":0,"ix":6},"o":{"a":0,"k":100,"ix":7},"sk":{"a":0,"k":0,"ix":4},"sa":{"a":0,"k":0,"ix":5},"nm":"Transform"}],"nm":"Shape 2","np":3,"cix":2,"bm":0,"ix":1,"mn":"ADBE Vector Group","hd":false},{"ty":"gr","it":[{"ind":0,"ty":"sh","ix":1,"ks":{"a":1,"k":[{"i":{"x":0.833,"y":0.833},"o":{"x":0.167,"y":0.167},"t":0,"s":[{"i":[[0,0],[0,0],[-10.143,-15.969],[0,0],[0,0],[6.417,4.025],[0.753,1.752],[0,0],[0,0]],"o":[[0,0],[0,0],[8.793,13.844],[0,0],[0,0],[-1.143,-0.717],[-3.471,-8.082],[0,0],[0,0]],"v":[[-36.019,13.799],[-58.298,30.783],[-52.416,52.658],[-39.649,60.766],[-19.71,65.529],[-22.951,42.883],[-32.194,44.662],[-38.052,36.391],[-11.019,16.799]],"c":true}]},{"i":{"x":0.833,"y":0.833},"o":{"x":0.167,"y":0.167},"t":1,"s":[{"i":[[0,0],[0,0],[-10.143,-15.969],[0,0],[0,0],[6.417,4.025],[0.753,1.752],[0,0],[0,0]],"o":[[0,0],[0,0],[8.793,13.844],[0,0],[0,0],[-1.143,-0.717],[-3.471,-8.082],[0,0],[0,0]],"v":[[-36.019,13.799],[-58.298,30.783],[-52.416,52.658],[-39.091,72.176],[-34.409,82.156],[-25.857,65.44],[-29.378,53.858],[-38.052,36.391],[-11.019,16.799]],"c":true}]},{"i":{"x":0.833,"y":0.833},"o":{"x":0.167,"y":0.167},"t":2,"s":[{"i":[[0,0],[0,0],[0.97,-2.698],[0,0],[0,0],[0.937,5.17],[-0.174,5.047],[0,0],[0,0]],"o":[[0,0],[0,0],[-6.584,18.315],[0,0],[0,0],[-0.182,-1.006],[0.246,-7.125],[0,0],[0,0]],"v":[[-42.9,16.176],[-47.034,25.948],[-60.394,46.494],[-64.056,81.417],[-43.176,76.392],[-44.094,73.174],[-44.427,67.747],[-40.713,47.41],[-14.5,16.185]],"c":true}]},{"i":{"x":0.833,"y":0.833},"o":{"x":0.167,"y":0.167},"t":3,"s":[{"i":[[0,0],[0,0],[8.319,-13.658],[0,0],[0,0],[-0.693,6.19],[-1.673,7.962],[0,0],[0,0]],"o":[[0,0],[0,0],[-5.052,17.386],[0,0],[0,0],[0.066,-0.989],[1.709,-9.001],[0,0],[0,0]],"v":[[-23.299,15.508],[-33.211,42.708],[-47.546,73.184],[-60.736,97.704],[-37.085,99.75],[-31.15,83.768],[-23.262,68.062],[-12.851,49.061],[-0.756,24.071]],"c":true}]},{"i":{"x":0.833,"y":0.833},"o":{"x":0.167,"y":0.167},"t":4,"s":[{"i":[[0,0],[0,0],[-0.354,0.111],[0,0],[0,0],[-4.599,6.273],[-8.392,7.613],[0,0],[0,0]],"o":[[0,0],[-3.732,13.037],[6.198,10.215],[0,0],[0,0],[0.604,-0.824],[11.954,-10.845],[0,0],[0,0]],"v":[[-27.931,29.062],[-44.996,57.356],[-67.217,88.049],[-57.918,100.343],[-54.374,103.375],[-42.324,88.805],[-35.361,80.619],[-25.661,68.721],[0.563,40.247]],"c":true}]},{"i":{"x":0.833,"y":0.833},"o":{"x":0.167,"y":0.167},"t":5,"s":[{"i":[[0,0],[0,0],[-1.796,-2.236],[0,0],[0,0],[-0.062,-0.689],[-0.085,-0.386],[8.629,9.013],[0,0]],"o":[[0,0],[0,0],[9.936,12.372],[0,0],[0,0],[0.442,-0.921],[-6.526,-8.439],[-8.252,-8.619],[0,0]],"v":[[-40.32,1.044],[-45.883,45.19],[-35.538,62.741],[-24.515,76.482],[-22.986,78.803],[-18.713,82.835],[-6.516,69.578],[-27.27,52.359],[-21.749,12.387]],"c":true}]},{"t":6,"s":[{"i":[[0,0],[0,0],[-1.796,-2.236],[0,0],[0,0],[-0.062,-0.689],[-0.085,-0.386],[8.629,9.013],[0,0]],"o":[[0,0],[0,0],[9.936,12.372],[0,0],[0,0],[0.442,-0.921],[-6.526,-8.439],[-8.252,-8.619],[0,0]],"v":[[-40.32,1.044],[-45.883,45.19],[-35.538,62.741],[-24.515,76.482],[-22.986,78.803],[-18.713,82.835],[-6.516,69.578],[-27.27,52.359],[-21.749,12.387]],"c":true}]}],"ix":2},"nm":"Path 1","mn":"ADBE Vector Shape - Group","hd":false},{"ty":"fl","c":{"a":0,"k":[0.050980395897,0.36862745098,0.533333333333,1],"ix":4},"o":{"a":0,"k":100,"ix":5},"r":1,"bm":0,"nm":"Fill 1","mn":"ADBE Vector Graphic - Fill","hd":false},{"ty":"tr","p":{"a":0,"k":[0,0],"ix":2},"a":{"a":0,"k":[0,0],"ix":1},"s":{"a":0,"k":[100,100],"ix":3},"r":{"a":0,"k":0,"ix":6},"o":{"a":0,"k":100,"ix":7},"sk":{"a":0,"k":0,"ix":4},"sa":{"a":0,"k":0,"ix":5},"nm":"Transform"}],"nm":"Shape 1","np":3,"cix":2,"bm":0,"ix":2,"mn":"ADBE Vector Group","hd":false},{"ind":2,"ty":"sh","ix":3,"ks":{"a":0,"k":{"i":[],"o":[],"v":[],"c":false},"ix":2},"nm":"Path 1","mn":"ADBE Vector Shape - Group","hd":false}],"ip":0,"op":9,"st":1,"bm":0},{"ddd":0,"ind":8,"ty":4,"nm":"Rear2","sr":1,"ks":{"o":{"a":0,"k":100,"ix":11},"r":{"a":1,"k":[{"i":{"x":[0.833],"y":[0.833]},"o":{"x":[0.167],"y":[0.167]},"t":0,"s":[0]},{"i":{"x":[0.833],"y":[0.833]},"o":{"x":[0.167],"y":[0.167]},"t":1,"s":[-16]},{"i":{"x":[0.833],"y":[0.833]},"o":{"x":[0.167],"y":[0.167]},"t":3,"s":[-16]},{"i":{"x":[0.833],"y":[0.833]},"o":{"x":[0.167],"y":[0.167]},"t":4,"s":[7]},{"t":5,"s":[44]}],"ix":10},"p":{"a":1,"k":[{"i":{"x":0.833,"y":0.833},"o":{"x":0.167,"y":0.167},"t":0,"s":[253.846,172,0],"to":[0,0,0],"ti":[0,0,0]},{"i":{"x":0.833,"y":0.833},"o":{"x":0.167,"y":0.167},"t":3,"s":[253.846,172,0],"to":[9.5,3.167,0],"ti":[-9.5,-3.167,0]},{"t":4,"s":[310.846,191,0]}],"ix":2},"a":{"a":0,"k":[78.846,-5,0],"ix":1},"s":{"a":0,"k":[100,100,100],"ix":6}},"ao":0,"shapes":[{"ty":"gr","it":[{"ind":0,"ty":"sh","ix":1,"ks":{"a":1,"k":[{"i":{"x":0.833,"y":0.833},"o":{"x":0.167,"y":0.167},"t":0,"s":[{"i":[[0,0],[-13,-19],[0,0],[0,0],[0,0],[0,0],[0,0]],"o":[[0,0],[13,19],[0,0],[0,0],[0,0],[0,0],[0,0]],"v":[[102,-20],[58,8],[112,39],[107,89],[126,95],[140,45],[106.378,14.785]],"c":true}]},{"i":{"x":0.833,"y":0.833},"o":{"x":0.167,"y":0.167},"t":1,"s":[{"i":[[0,0],[-13,-19],[0,0],[0,0],[0,0],[0,0],[0,0]],"o":[[0,0],[13,19],[0,0],[0,0],[0,0],[0,0],[0,0]],"v":[[102,-20],[58,8],[140.983,83.273],[138.453,108.356],[157.3,120.788],[162.856,67.834],[106.378,14.785]],"c":true}]},{"i":{"x":0.833,"y":0.833},"o":{"x":0.167,"y":0.167},"t":2,"s":[{"i":[[0,0],[-13,-19],[0,0],[0,0],[0,0],[0,0],[0,0]],"o":[[0,0],[13,19],[0,0],[0,0],[0,0],[0,0],[0,0]],"v":[[88.67,-13.419],[86.831,23.549],[140.298,82.036],[135.831,121.128],[157.159,124.909],[153.257,50.517],[106.378,14.785]],"c":true}]},{"i":{"x":0.833,"y":0.833},"o":{"x":0.167,"y":0.167},"t":3,"s":[{"i":[[0,0],[-13,-19],[0,0],[0,0],[0,0],[0,0],[0,0]],"o":[[0,0],[13,19],[0,0],[0,0],[0,0],[0,0],[0,0]],"v":[[87.97,-0.096],[98.366,26.857],[176.112,120.394],[185.024,101.944],[124.976,23.094],[111.668,17.786],[106.378,14.785]],"c":true}]},{"i":{"x":0.833,"y":0.833},"o":{"x":0.167,"y":0.167},"t":4,"s":[{"i":[[0,0],[-13,-19],[0,0],[0,0],[0,0],[0,0],[0,0]],"o":[[0,0],[13,19],[0,0],[0,0],[0,0],[0,0],[0,0]],"v":[[88.67,-13.419],[54.014,11.018],[93.506,31.168],[95.358,69.991],[117.251,57.289],[111.668,17.786],[106.378,14.785]],"c":true}]},{"t":5,"s":[{"i":[[0,0],[-13,-19],[0,0],[0,0],[0,0],[0,0],[0,0]],"o":[[0,0],[13,19],[0,0],[0,0],[0,0],[0,0],[0,0]],"v":[[77.954,-7.242],[54.014,11.018],[109.631,39.229],[106.123,60.985],[117.251,57.289],[126.429,22.994],[121.138,19.993]],"c":true}]}],"ix":2},"nm":"Path 1","mn":"ADBE Vector Shape - Group","hd":false},{"ty":"fl","c":{"a":0,"k":[0.050980395897,0.36862745098,0.533333333333,1],"ix":4},"o":{"a":0,"k":100,"ix":5},"r":1,"bm":0,"nm":"Fill 1","mn":"ADBE Vector Graphic - Fill","hd":false},{"ty":"tr","p":{"a":0,"k":[0,0],"ix":2},"a":{"a":0,"k":[0,0],"ix":1},"s":{"a":0,"k":[100,100],"ix":3},"r":{"a":0,"k":0,"ix":6},"o":{"a":0,"k":100,"ix":7},"sk":{"a":0,"k":0,"ix":4},"sa":{"a":0,"k":0,"ix":5},"nm":"Transform"}],"nm":"Shape 1","np":3,"cix":2,"bm":0,"ix":1,"mn":"ADBE Vector Group","hd":false},{"ty":"gr","it":[{"ind":0,"ty":"sh","ix":1,"ks":{"a":1,"k":[{"i":{"x":0.833,"y":0.833},"o":{"x":0.167,"y":0.167},"t":0,"s":[{"i":[[0,0],[0,0],[-10,8],[0,0]],"o":[[0,0],[0,0],[10,-8],[0,0]],"v":[[110.596,91.987],[97.164,103.72],[119.628,105.413],[124.797,98.328]],"c":false}]},{"i":{"x":0.833,"y":0.833},"o":{"x":0.167,"y":0.167},"t":1,"s":[{"i":[[0,0],[0,0],[-10,8],[0,0]],"o":[[0,0],[0,0],[10,-8],[0,0]],"v":[[133.544,107.822],[125.813,117.563],[153.806,125.843],[154.473,116.672]],"c":false}]},{"i":{"x":0.833,"y":0.833},"o":{"x":0.167,"y":0.167},"t":2,"s":[{"i":[[0,0],[0,0],[2.529,5.81],[0,0]],"o":[[0,0],[0,0],[-5.112,-11.742],[0,0]],"v":[[129.671,135.84],[154.092,135.035],[157.1,128.868],[135.651,120.637]],"c":false}]},{"i":{"x":0.833,"y":0.833},"o":{"x":0.167,"y":0.167},"t":3,"s":[{"i":[[0,0],[0,0],[3.208,14.327],[0,0]],"o":[[0,0],[0,0],[-2.798,-12.497],[0,0]],"v":[[179.409,122.014],[189.814,126.552],[194.624,103.217],[185.12,100.493]],"c":false}]},{"t":4,"s":[{"i":[[0,0],[0,0],[3.208,14.327],[0,0]],"o":[[0,0],[0,0],[-2.798,-12.497],[0,0]],"v":[[95.39,73.995],[100.438,79.078],[123.645,64.139],[117.442,57.159]],"c":false}]}],"ix":2},"nm":"Path 1","mn":"ADBE Vector Shape - Group","hd":false},{"ty":"fl","c":{"a":0,"k":[0.8625908494,0.8789742589,0.887469351292,1],"ix":4},"o":{"a":0,"k":100,"ix":5},"r":1,"bm":0,"nm":"Fill 1","mn":"ADBE Vector Graphic - Fill","hd":false},{"ty":"tr","p":{"a":0,"k":[0,0],"ix":2},"a":{"a":0,"k":[0,0],"ix":1},"s":{"a":0,"k":[100,100],"ix":3},"r":{"a":0,"k":0,"ix":6},"o":{"a":0,"k":100,"ix":7},"sk":{"a":0,"k":0,"ix":4},"sa":{"a":0,"k":0,"ix":5},"nm":"Transform"}],"nm":"Shape 2","np":3,"cix":2,"bm":0,"ix":2,"mn":"ADBE Vector Group","hd":false}],"ip":0,"op":8,"st":0,"bm":0}]}],"layers":[{"ddd":0,"ind":2,"ty":4,"nm":"レイヤー 3","sr":1,"ks":{"o":{"a":0,"k":100,"ix":11},"r":{"a":0,"k":13,"ix":10},"p":{"a":0,"k":[893.666,713.211,0],"ix":2},"a":{"a":0,"k":[-100.365,-61.221,0],"ix":1},"s":{"a":0,"k":[-379,378,100],"ix":6}},"ao":0,"ef":[{"ty":21,"nm":"Fill","np":9,"mn":"ADBE Fill","ix":1,"en":1,"ef":[{"ty":10,"nm":"Fill Mask","mn":"ADBE Fill-0001","ix":1,"v":{"a":0,"k":0,"ix":1}},{"ty":7,"nm":"All Masks","mn":"ADBE Fill-0007","ix":2,"v":{"a":0,"k":0,"ix":2}},{"ty":2,"nm":"Color","mn":"ADBE Fill-0002","ix":3,"v":{"a":0,"k":[1,0,0,1],"ix":3}},{"ty":7,"nm":"Invert","mn":"ADBE Fill-0006","ix":4,"v":{"a":0,"k":0,"ix":4}},{"ty":0,"nm":"Horizontal Feather","mn":"ADBE Fill-0003","ix":5,"v":{"a":0,"k":0,"ix":5}},{"ty":0,"nm":"Vertical Feather","mn":"ADBE Fill-0004","ix":6,"v":{"a":0,"k":0,"ix":6}},{"ty":0,"nm":"Opacity","mn":"ADBE Fill-0005","ix":7,"v":{"a":0,"k":1,"ix":7}}]}],"shapes":[{"ty":"gr","it":[{"ind":0,"ty":"sh","ix":1,"ks":{"a":0,"k":{"i":[[0,-0.828],[0.828,0],[0,0.828],[-0.828,0]],"o":[[0,0.828],[-0.828,0],[0,-0.828],[0.828,0]],"v":[[-117,-83.5],[-118.5,-82],[-120,-83.5],[-118.5,-85]],"c":true},"ix":2},"nm":"Path 1","mn":"ADBE Vector Shape - Group","hd":false},{"ty":"fl","c":{"a":0,"k":[0.75686275959,0.152941182256,0.176470592618,1],"ix":4},"o":{"a":0,"k":100,"ix":5},"r":1,"bm":0,"nm":"Fill 1","mn":"ADBE Vector Graphic - Fill","hd":false},{"ty":"tr","p":{"a":0,"k":[0,0],"ix":2},"a":{"a":0,"k":[0,0],"ix":1},"s":{"a":0,"k":[100,100],"ix":3},"r":{"a":0,"k":0,"ix":6},"o":{"a":0,"k":100,"ix":7},"sk":{"a":0,"k":0,"ix":4},"sa":{"a":0,"k":0,"ix":5},"nm":"Transform"}],"nm":"Group 3","np":2,"cix":2,"bm":0,"ix":1,"mn":"ADBE Vector Group","hd":false},{"ty":"gr","it":[{"ind":0,"ty":"sh","ix":1,"ks":{"a":0,"k":{"i":[[0,0],[0,0],[0,0],[0,0],[-1.5,1.5],[0,0],[-4.5,0.5],[-1.5,-1.5],[0,0],[0,0],[0.5,-3.5],[0,0],[0,0],[0,0]],"o":[[0,0],[0,0],[0,0],[0,0],[1.5,-1.5],[0,0],[4.5,-0.5],[1.5,1.5],[0,0],[0,0],[-0.5,3.5],[0,0],[0,0],[0,0]],"v":[[-120,-73],[-116.789,-74.07],[-111,-76],[-112,-80],[-117,-83],[-113,-83],[-107,-86],[-100,-85],[-99,-79],[-99,-70],[-96,-62],[-96,-56],[-111,-61],[-120,-68]],"c":true},"ix":2},"nm":"Path 1","mn":"ADBE Vector Shape - Group","hd":false},{"ty":"fl","c":{"a":0,"k":[0.75686275959,0.152941182256,0.176470592618,1],"ix":4},"o":{"a":0,"k":100,"ix":5},"r":1,"bm":0,"nm":"Fill 1","mn":"ADBE Vector Graphic - Fill","hd":false},{"ty":"tr","p":{"a":0,"k":[0,0],"ix":2},"a":{"a":0,"k":[0,0],"ix":1},"s":{"a":0,"k":[100,100],"ix":3},"r":{"a":0,"k":0,"ix":6},"o":{"a":0,"k":100,"ix":7},"sk":{"a":0,"k":0,"ix":4},"sa":{"a":0,"k":0,"ix":5},"nm":"Transform"}],"nm":"Group 4","np":2,"cix":2,"bm":0,"ix":2,"mn":"ADBE Vector Group","hd":false},{"ty":"gr","it":[{"ind":0,"ty":"sh","ix":1,"ks":{"a":0,"k":{"i":[[0,0],[0,0],[0,0],[0,0],[0,0],[0,0],[0,0],[0,0]],"o":[[0,0],[0,0],[0,0],[0,0],[0,0],[0,0],[0,0],[0,0]],"v":[[-132.764,-85.267],[-137,-85],[-135,-86],[-136,-88],[-134,-87],[-134,-89],[-133,-88],[-131,-90]],"c":true},"ix":2},"nm":"Path 1","mn":"ADBE Vector Shape - Group","hd":false},{"ty":"fl","c":{"a":0,"k":[0.75686275959,0.152941182256,0.176470592618,1],"ix":4},"o":{"a":0,"k":100,"ix":5},"r":1,"bm":0,"nm":"Fill 1","mn":"ADBE Vector Graphic - Fill","hd":false},{"ty":"tr","p":{"a":0,"k":[0,0],"ix":2},"a":{"a":0,"k":[0,0],"ix":1},"s":{"a":0,"k":[100,100],"ix":3},"r":{"a":0,"k":0,"ix":6},"o":{"a":0,"k":100,"ix":7},"sk":{"a":0,"k":0,"ix":4},"sa":{"a":0,"k":0,"ix":5},"nm":"Transform"}],"nm":"Group 5","np":2,"cix":2,"bm":0,"ix":3,"mn":"ADBE Vector Group","hd":false},{"ty":"gr","it":[{"ind":0,"ty":"sh","ix":1,"ks":{"a":0,"k":{"i":[[-2.596,-5.796],[4.929,-2.208],[2.596,5.796],[0,0]],"o":[[2.596,5.796],[-4.929,2.208],[-2.596,-5.796],[0,0]],"v":[[-118,-80],[-122.589,-65.323],[-136.214,-71.821],[-133,-86]],"c":true},"ix":2},"nm":"Path 1","mn":"ADBE Vector Shape - Group","hd":false},{"ty":"fl","c":{"a":0,"k":[0.75686275959,0.152941182256,0.176470592618,1],"ix":4},"o":{"a":0,"k":100,"ix":5},"r":1,"bm":0,"nm":"Fill 1","mn":"ADBE Vector Graphic - Fill","hd":false},{"ty":"tr","p":{"a":0,"k":[0,0],"ix":2},"a":{"a":0,"k":[0,0],"ix":1},"s":{"a":0,"k":[100,100],"ix":3},"r":{"a":0,"k":0,"ix":6},"o":{"a":0,"k":100,"ix":7},"sk":{"a":0,"k":0,"ix":4},"sa":{"a":0,"k":0,"ix":5},"nm":"Transform"}],"nm":"Group 6","np":2,"cix":2,"bm":0,"ix":4,"mn":"ADBE Vector Group","hd":false},{"ty":"gr","it":[{"ind":0,"ty":"sh","ix":1,"ks":{"a":0,"k":{"i":[[-1,-1],[-0.888,-2.131],[-6.681,-7.441],[-24.5,0.5],[3.769,2.261],[0,-1],[7.823,-2.608]],"o":[[1,1],[5,12],[4.914,5.473],[0.293,-1.103],[-5,-3],[0,1],[-3,1]],"v":[[-138.5,-71.5],[-135.5,-69.5],[-129.5,-45.5],[-79.5,-45.5],[-81.5,-55.5],[-96.5,-58.5],[-139.5,-75.5]],"c":true},"ix":2},"nm":"Path 1","mn":"ADBE Vector Shape - Group","hd":false},{"ty":"fl","c":{"a":0,"k":[0.75686275959,0.152941182256,0.176470592618,1],"ix":4},"o":{"a":0,"k":100,"ix":5},"r":1,"bm":0,"nm":"Fill 1","mn":"ADBE Vector Graphic - Fill","hd":false},{"ty":"tr","p":{"a":0,"k":[0,0],"ix":2},"a":{"a":0,"k":[0,0],"ix":1},"s":{"a":0,"k":[100,100],"ix":3},"r":{"a":0,"k":0,"ix":6},"o":{"a":0,"k":100,"ix":7},"sk":{"a":0,"k":0,"ix":4},"sa":{"a":0,"k":0,"ix":5},"nm":"Transform"}],"nm":"Group 7","np":2,"cix":2,"bm":0,"ix":5,"mn":"ADBE Vector Group","hd":false},{"ty":"gr","it":[{"ind":0,"ty":"sh","ix":1,"ks":{"a":0,"k":{"i":[[0,0],[0,0]],"o":[[0,0],[0,0]],"v":[[-82.695,-35.711],[-85.5,-45.5]],"c":false},"ix":2},"nm":"Path 1","mn":"ADBE Vector Shape - Group","hd":false},{"ty":"st","c":{"a":0,"k":[0.75686275959,0.152941182256,0.176470592618,1],"ix":3},"o":{"a":0,"k":100,"ix":4},"w":{"a":0,"k":1,"ix":5},"lc":1,"lj":1,"ml":10,"bm":0,"nm":"Stroke 1","mn":"ADBE Vector Graphic - Stroke","hd":false},{"ty":"tr","p":{"a":0,"k":[0,0],"ix":2},"a":{"a":0,"k":[0,0],"ix":1},"s":{"a":0,"k":[100,100],"ix":3},"r":{"a":0,"k":0,"ix":6},"o":{"a":0,"k":100,"ix":7},"sk":{"a":0,"k":0,"ix":4},"sa":{"a":0,"k":0,"ix":5},"nm":"Transform"}],"nm":"Group 8","np":2,"cix":2,"bm":0,"ix":6,"mn":"ADBE Vector Group","hd":false},{"ty":"gr","it":[{"ind":0,"ty":"sh","ix":1,"ks":{"a":0,"k":{"i":[[0,0]],"o":[[0,0]],"v":[[-91.695,-35.711]],"c":false},"ix":2},"nm":"Path 1","mn":"ADBE Vector Shape - Group","hd":false},{"ty":"st","c":{"a":0,"k":[0.75686275959,0.152941182256,0.176470592618,1],"ix":3},"o":{"a":0,"k":100,"ix":4},"w":{"a":0,"k":1,"ix":5},"lc":1,"lj":1,"ml":10,"bm":0,"nm":"Stroke 1","mn":"ADBE Vector Graphic - Stroke","hd":false},{"ty":"tr","p":{"a":0,"k":[0,0],"ix":2},"a":{"a":0,"k":[0,0],"ix":1},"s":{"a":0,"k":[100,100],"ix":3},"r":{"a":0,"k":0,"ix":6},"o":{"a":0,"k":100,"ix":7},"sk":{"a":0,"k":0,"ix":4},"sa":{"a":0,"k":0,"ix":5},"nm":"Transform"}],"nm":"Group 9","np":2,"cix":2,"bm":0,"ix":7,"mn":"ADBE Vector Group","hd":false},{"ty":"gr","it":[{"ind":0,"ty":"sh","ix":1,"ks":{"a":0,"k":{"i":[[0,0]],"o":[[0,0]],"v":[[-88.695,-45.711]],"c":false},"ix":2},"nm":"Path 1","mn":"ADBE Vector Shape - Group","hd":false},{"ty":"st","c":{"a":0,"k":[0.75686275959,0.152941182256,0.176470592618,1],"ix":3},"o":{"a":0,"k":100,"ix":4},"w":{"a":0,"k":1,"ix":5},"lc":1,"lj":1,"ml":10,"bm":0,"nm":"Stroke 1","mn":"ADBE Vector Graphic - Stroke","hd":false},{"ty":"tr","p":{"a":0,"k":[0,0],"ix":2},"a":{"a":0,"k":[0,0],"ix":1},"s":{"a":0,"k":[100,100],"ix":3},"r":{"a":0,"k":0,"ix":6},"o":{"a":0,"k":100,"ix":7},"sk":{"a":0,"k":0,"ix":4},"sa":{"a":0,"k":0,"ix":5},"nm":"Transform"}],"nm":"Group 10","np":2,"cix":2,"bm":0,"ix":8,"mn":"ADBE Vector Group","hd":false},{"ty":"gr","it":[{"ind":0,"ty":"sh","ix":1,"ks":{"a":0,"k":{"i":[[0,0],[0,0]],"o":[[0,0],[0,0]],"v":[[-92.695,-35.711],[-95.5,-45.5]],"c":false},"ix":2},"nm":"Path 1","mn":"ADBE Vector Shape - Group","hd":false},{"ty":"st","c":{"a":0,"k":[0.75686275959,0.152941182256,0.176470592618,1],"ix":3},"o":{"a":0,"k":100,"ix":4},"w":{"a":0,"k":1,"ix":5},"lc":1,"lj":1,"ml":10,"bm":0,"nm":"Stroke 1","mn":"ADBE Vector Graphic - Stroke","hd":false},{"ty":"tr","p":{"a":0,"k":[0,0],"ix":2},"a":{"a":0,"k":[0,0],"ix":1},"s":{"a":0,"k":[100,100],"ix":3},"r":{"a":0,"k":0,"ix":6},"o":{"a":0,"k":100,"ix":7},"sk":{"a":0,"k":0,"ix":4},"sa":{"a":0,"k":0,"ix":5},"nm":"Transform"}],"nm":"Group 11","np":2,"cix":2,"bm":0,"ix":9,"mn":"ADBE Vector Group","hd":false},{"ty":"gr","it":[{"ind":0,"ty":"sh","ix":1,"ks":{"a":0,"k":{"i":[[0,0],[0,0]],"o":[[0,0],[0,0]],"v":[[-118.706,-32.982],[-115.706,-44.982]],"c":false},"ix":2},"nm":"Path 1","mn":"ADBE Vector Shape - Group","hd":false},{"ty":"st","c":{"a":0,"k":[0.75686275959,0.152941182256,0.176470592618,1],"ix":3},"o":{"a":0,"k":100,"ix":4},"w":{"a":0,"k":1,"ix":5},"lc":1,"lj":1,"ml":10,"bm":0,"nm":"Stroke 1","mn":"ADBE Vector Graphic - Stroke","hd":false},{"ty":"tr","p":{"a":0,"k":[0,0],"ix":2},"a":{"a":0,"k":[0,0],"ix":1},"s":{"a":0,"k":[100,100],"ix":3},"r":{"a":0,"k":0,"ix":6},"o":{"a":0,"k":100,"ix":7},"sk":{"a":0,"k":0,"ix":4},"sa":{"a":0,"k":0,"ix":5},"nm":"Transform"}],"nm":"Group 12","np":2,"cix":2,"bm":0,"ix":10,"mn":"ADBE Vector Group","hd":false},{"ty":"gr","it":[{"ind":0,"ty":"sh","ix":1,"ks":{"a":0,"k":{"i":[[0,0],[0,0]],"o":[[0,0],[0,0]],"v":[[-127.5,-32.5],[-124.5,-43.5]],"c":false},"ix":2},"nm":"Path 1","mn":"ADBE Vector Shape - Group","hd":false},{"ty":"st","c":{"a":0,"k":[0.75686275959,0.152941182256,0.176470592618,1],"ix":3},"o":{"a":0,"k":100,"ix":4},"w":{"a":0,"k":1,"ix":5},"lc":1,"lj":1,"ml":10,"bm":0,"nm":"Stroke 1","mn":"ADBE Vector Graphic - Stroke","hd":false},{"ty":"tr","p":{"a":0,"k":[0,0],"ix":2},"a":{"a":0,"k":[0,0],"ix":1},"s":{"a":0,"k":[100,100],"ix":3},"r":{"a":0,"k":0,"ix":6},"o":{"a":0,"k":100,"ix":7},"sk":{"a":0,"k":0,"ix":4},"sa":{"a":0,"k":0,"ix":5},"nm":"Transform"}],"nm":"Group 13","np":2,"cix":2,"bm":0,"ix":11,"mn":"ADBE Vector Group","hd":false},{"ty":"gr","it":[{"ind":0,"ty":"sh","ix":1,"ks":{"a":0,"k":{"i":[[-9.343,-0.796],[5.91,13.926],[-8.689,-4.739],[0.108,-2.998],[9,-1],[26.053,-1.483],[0.304,-0.028],[-2.321,7.219],[0,-5],[0,0]],"o":[[14.266,1.215],[-3.727,-8.782],[8.626,4.705],[-0.195,5.4],[-9,1],[-0.313,0.018],[-8.048,0.749],[2.33,-7.25],[0,5],[0,0]],"v":[[-69.5,-55.5],[-76.985,-51.748],[-61.5,-61.5],[-54.205,-47.892],[-66.5,-37.5],[-128.5,-32.5],[-135.5,-32.5],[-144.5,-45.5],[-131.5,-42.5],[-139,-39]],"c":false},"ix":2},"nm":"Path 1","mn":"ADBE Vector Shape - Group","hd":false},{"ty":"st","c":{"a":0,"k":[0.75686275959,0.152941182256,0.176470592618,1],"ix":3},"o":{"a":0,"k":100,"ix":4},"w":{"a":0,"k":1,"ix":5},"lc":2,"lj":2,"bm":0,"nm":"Stroke 1","mn":"ADBE Vector Graphic - Stroke","hd":false},{"ty":"tr","p":{"a":0,"k":[0,0],"ix":2},"a":{"a":0,"k":[0,0],"ix":1},"s":{"a":0,"k":[100,100],"ix":3},"r":{"a":0,"k":0,"ix":6},"o":{"a":0,"k":100,"ix":7},"sk":{"a":0,"k":0,"ix":4},"sa":{"a":0,"k":0,"ix":5},"nm":"Transform"}],"nm":"Group 14","np":2,"cix":2,"bm":0,"ix":12,"mn":"ADBE Vector Group","hd":false}],"ip":0,"op":48,"st":0,"bm":0},{"ddd":0,"ind":3,"ty":4,"nm":"Arm","sr":1,"ks":{"o":{"a":0,"k":100,"ix":11},"r":{"a":1,"k":[{"i":{"x":[0.667],"y":[1]},"o":{"x":[0.333],"y":[0]},"t":0,"s":[13]},{"i":{"x":[0.667],"y":[1]},"o":{"x":[0.333],"y":[0]},"t":5,"s":[43]},{"t":10,"s":[13]}],"ix":10,"x":"var $bm_rt;\n$bm_rt = loopOut();"},"p":{"a":0,"k":[896.091,679.712,0],"ix":2},"a":{"a":0,"k":[-99,-70,0],"ix":1},"s":{"a":0,"k":[-379,378,100],"ix":6}},"ao":0,"ef":[{"ty":21,"nm":"Fill","np":9,"mn":"ADBE Fill","ix":1,"en":1,"ef":[{"ty":10,"nm":"Fill Mask","mn":"ADBE Fill-0001","ix":1,"v":{"a":0,"k":0,"ix":1}},{"ty":7,"nm":"All Masks","mn":"ADBE Fill-0007","ix":2,"v":{"a":0,"k":0,"ix":2}},{"ty":2,"nm":"Color","mn":"ADBE Fill-0002","ix":3,"v":{"a":0,"k":[1,0,0,1],"ix":3}},{"ty":7,"nm":"Invert","mn":"ADBE Fill-0006","ix":4,"v":{"a":0,"k":0,"ix":4}},{"ty":0,"nm":"Horizontal Feather","mn":"ADBE Fill-0003","ix":5,"v":{"a":0,"k":0,"ix":5}},{"ty":0,"nm":"Vertical Feather","mn":"ADBE Fill-0004","ix":6,"v":{"a":0,"k":0,"ix":6}},{"ty":0,"nm":"Opacity","mn":"ADBE Fill-0005","ix":7,"v":{"a":0,"k":1,"ix":7}}]}],"shapes":[{"ty":"gr","it":[{"ind":0,"ty":"sh","ix":1,"ks":{"a":0,"k":{"i":[[-0.51,-1.67],[2.138,-0.653],[0.51,1.67],[-2.138,0.653]],"o":[[0.51,1.67],[-2.138,0.653],[-0.51,-1.67],[2.138,-0.653]],"v":[[-83.062,-73.203],[-86.01,-68.997],[-90.805,-70.838],[-87.857,-75.044]],"c":true},"ix":2},"nm":"Path 1","mn":"ADBE Vector Shape - Group","hd":false},{"ty":"fl","c":{"a":0,"k":[0.75686275959,0.152941182256,0.176470592618,1],"ix":4},"o":{"a":0,"k":100,"ix":5},"r":1,"bm":0,"nm":"Fill 1","mn":"ADBE Vector Graphic - Fill","hd":false},{"ty":"tr","p":{"a":0,"k":[0,0],"ix":2},"a":{"a":0,"k":[0,0],"ix":1},"s":{"a":0,"k":[100,100],"ix":3},"r":{"a":0,"k":0,"ix":6},"o":{"a":0,"k":100,"ix":7},"sk":{"a":0,"k":0,"ix":4},"sa":{"a":0,"k":0,"ix":5},"nm":"Transform"}],"nm":"Group 1","np":2,"cix":2,"bm":0,"ix":1,"mn":"ADBE Vector Group","hd":false},{"ty":"gr","it":[{"ind":0,"ty":"sh","ix":1,"ks":{"a":0,"k":{"i":[[0,0],[0,0],[0,0],[3,-1],[0,0]],"o":[[0,0],[0,0],[0,0],[-3,1],[0,0]],"v":[[-102,-72],[-90,-73],[-89,-69],[-94,-66],[-100,-65]],"c":true},"ix":2},"nm":"Path 1","mn":"ADBE Vector Shape - Group","hd":false},{"ty":"fl","c":{"a":0,"k":[0.75686275959,0.152941182256,0.176470592618,1],"ix":4},"o":{"a":0,"k":100,"ix":5},"r":1,"bm":0,"nm":"Fill 1","mn":"ADBE Vector Graphic - Fill","hd":false},{"ty":"tr","p":{"a":0,"k":[0,0],"ix":2},"a":{"a":0,"k":[0,0],"ix":1},"s":{"a":0,"k":[100,100],"ix":3},"r":{"a":0,"k":0,"ix":6},"o":{"a":0,"k":100,"ix":7},"sk":{"a":0,"k":0,"ix":4},"sa":{"a":0,"k":0,"ix":5},"nm":"Transform"}],"nm":"Group 2","np":2,"cix":2,"bm":0,"ix":2,"mn":"ADBE Vector Group","hd":false}],"ip":0,"op":48,"st":0,"bm":0},{"ddd":0,"ind":4,"ty":4,"nm":"Rope—1","sr":1,"ks":{"o":{"a":0,"k":100,"ix":11},"r":{"a":0,"k":0,"ix":10},"p":{"a":0,"k":[839.957,654.328,0],"ix":2},"a":{"a":0,"k":[239.957,54.328,0],"ix":1},"s":{"a":0,"k":[100,100,100],"ix":6}},"ao":0,"shapes":[{"ty":"gr","it":[{"ind":0,"ty":"sh","ix":1,"ks":{"a":1,"k":[{"i":{"x":0.667,"y":1},"o":{"x":0.333,"y":0},"t":0,"s":[{"i":[[0,0],[-86.205,-20.159],[0,0],[0,0]],"o":[[0,0],[230.043,53.796],[0,0],[0,0]],"v":[[-466,-68],[-114.043,54.204],[254,68],[254,160]],"c":false}]},{"i":{"x":0.667,"y":1},"o":{"x":0.333,"y":0},"t":5,"s":[{"i":[[0,0],[-86.205,-20.159],[0,0],[0,0]],"o":[[0,0],[230.043,53.796],[0,0],[0,0]],"v":[[-450,-94],[-98.043,28.204],[270,42],[270,134]],"c":false}]},{"i":{"x":0.667,"y":1},"o":{"x":0.333,"y":0},"t":10,"s":[{"i":[[0,0],[-86.205,-20.159],[0,0],[0,0]],"o":[[0,0],[230.043,53.796],[0,0],[0,0]],"v":[[-466,-68],[-114.043,54.204],[254,68],[254,160]],"c":false}]},{"i":{"x":0.667,"y":1},"o":{"x":0.333,"y":0},"t":15,"s":[{"i":[[0,0],[-86.205,-20.159],[0,0],[0,0]],"o":[[0,0],[230.043,53.796],[0,0],[0,0]],"v":[[-450,-94],[-98.043,28.204],[270,42],[270,134]],"c":false}]},{"i":{"x":0.667,"y":1},"o":{"x":0.333,"y":0},"t":20,"s":[{"i":[[0,0],[-86.205,-20.159],[0,0],[0,0]],"o":[[0,0],[230.043,53.796],[0,0],[0,0]],"v":[[-466,-68],[-114.043,54.204],[254,68],[254,160]],"c":false}]},{"i":{"x":0.667,"y":1},"o":{"x":0.333,"y":0},"t":25,"s":[{"i":[[0,0],[-86.205,-20.159],[0,0],[0,0]],"o":[[0,0],[230.043,53.796],[0,0],[0,0]],"v":[[-450,-94],[-98.043,28.204],[270,42],[270,134]],"c":false}]},{"i":{"x":0.667,"y":1},"o":{"x":0.333,"y":0},"t":30,"s":[{"i":[[0,0],[-86.205,-20.159],[0,0],[0,0]],"o":[[0,0],[230.043,53.796],[0,0],[0,0]],"v":[[-466,-68],[-114.043,54.204],[254,68],[254,160]],"c":false}]},{"i":{"x":0.667,"y":1},"o":{"x":0.333,"y":0},"t":35,"s":[{"i":[[0,0],[-86.205,-20.159],[0,0],[0,0]],"o":[[0,0],[230.043,53.796],[0,0],[0,0]],"v":[[-450,-94],[-98.043,28.204],[270,42],[270,134]],"c":false}]},{"i":{"x":0.667,"y":1},"o":{"x":0.333,"y":0},"t":40,"s":[{"i":[[0,0],[-86.205,-20.159],[0,0],[0,0]],"o":[[0,0],[230.043,53.796],[0,0],[0,0]],"v":[[-466,-68],[-114.043,54.204],[254,68],[254,160]],"c":false}]},{"i":{"x":0.667,"y":1},"o":{"x":0.333,"y":0},"t":45,"s":[{"i":[[0,0],[-86.205,-20.159],[0,0],[0,0]],"o":[[0,0],[230.043,53.796],[0,0],[0,0]],"v":[[-450,-94],[-98.043,28.204],[270,42],[270,134]],"c":false}]},{"t":50,"s":[{"i":[[0,0],[-86.205,-20.159],[0,0],[0,0]],"o":[[0,0],[230.043,53.796],[0,0],[0,0]],"v":[[-466,-68],[-114.043,54.204],[254,68],[254,160]],"c":false}]}],"ix":2},"nm":"Path 1","mn":"ADBE Vector Shape - Group","hd":false},{"ty":"st","c":{"a":0,"k":[0.964552696078,0.010993069293,0.160775876513,1],"ix":3},"o":{"a":0,"k":100,"ix":4},"w":{"a":0,"k":4,"ix":5},"lc":1,"lj":1,"ml":4,"bm":0,"nm":"Stroke 1","mn":"ADBE Vector Graphic - Stroke","hd":false},{"ty":"tr","p":{"a":0,"k":[0,0],"ix":2},"a":{"a":0,"k":[0,0],"ix":1},"s":{"a":0,"k":[100,100],"ix":3},"r":{"a":0,"k":0,"ix":6},"o":{"a":0,"k":100,"ix":7},"sk":{"a":0,"k":0,"ix":4},"sa":{"a":0,"k":0,"ix":5},"nm":"Transform"}],"nm":"Shape 1","np":3,"cix":2,"bm":0,"ix":1,"mn":"ADBE Vector Group","hd":false}],"ip":0,"op":48,"st":0,"bm":0},{"ddd":0,"ind":5,"ty":4,"nm":"Rope—2","sr":1,"ks":{"o":{"a":0,"k":100,"ix":11},"r":{"a":0,"k":10,"ix":10},"p":{"a":0,"k":[839.957,654.328,0],"ix":2},"a":{"a":0,"k":[239.957,54.328,0],"ix":1},"s":{"a":0,"k":[100,100,100],"ix":6}},"ao":0,"shapes":[{"ty":"gr","it":[{"ind":0,"ty":"sh","ix":1,"ks":{"a":1,"k":[{"i":{"x":0.667,"y":1},"o":{"x":0.333,"y":0},"t":0,"s":[{"i":[[0,0],[-86.205,-20.159],[0,0],[0,0]],"o":[[0,0],[230.044,53.796],[0,0],[0,0]],"v":[[-403.89,-85.884],[-98.043,28.204],[244,54],[270,134]],"c":false}]},{"i":{"x":0.667,"y":1},"o":{"x":0.333,"y":0},"t":5,"s":[{"i":[[0,0],[-86.205,-20.159],[0,0],[0,0]],"o":[[0,0],[230.044,53.796],[0,0],[0,0]],"v":[[-403.89,-85.884],[-98.043,28.204],[264.539,35.147],[270,134]],"c":false}]},{"i":{"x":0.667,"y":1},"o":{"x":0.333,"y":0},"t":10,"s":[{"i":[[0,0],[-86.205,-20.159],[0,0],[0,0]],"o":[[0,0],[230.044,53.796],[0,0],[0,0]],"v":[[-403.89,-85.884],[-98.043,28.204],[244,54],[270,134]],"c":false}]},{"i":{"x":0.667,"y":1},"o":{"x":0.333,"y":0},"t":15,"s":[{"i":[[0,0],[-86.205,-20.159],[0,0],[0,0]],"o":[[0,0],[230.044,53.796],[0,0],[0,0]],"v":[[-403.89,-85.884],[-98.043,28.204],[264.539,35.147],[270,134]],"c":false}]},{"i":{"x":0.667,"y":1},"o":{"x":0.333,"y":0},"t":20,"s":[{"i":[[0,0],[-86.205,-20.159],[0,0],[0,0]],"o":[[0,0],[230.044,53.796],[0,0],[0,0]],"v":[[-403.89,-85.884],[-98.043,28.204],[244,54],[270,134]],"c":false}]},{"i":{"x":0.667,"y":1},"o":{"x":0.333,"y":0},"t":25,"s":[{"i":[[0,0],[-86.205,-20.159],[0,0],[0,0]],"o":[[0,0],[230.044,53.796],[0,0],[0,0]],"v":[[-403.89,-85.884],[-98.043,28.204],[264.539,35.147],[270,134]],"c":false}]},{"i":{"x":0.667,"y":1},"o":{"x":0.333,"y":0},"t":30,"s":[{"i":[[0,0],[-86.205,-20.159],[0,0],[0,0]],"o":[[0,0],[230.044,53.796],[0,0],[0,0]],"v":[[-403.89,-85.884],[-98.043,28.204],[244,54],[270,134]],"c":false}]},{"i":{"x":0.667,"y":1},"o":{"x":0.333,"y":0},"t":35,"s":[{"i":[[0,0],[-86.205,-20.159],[0,0],[0,0]],"o":[[0,0],[230.044,53.796],[0,0],[0,0]],"v":[[-403.89,-85.884],[-98.043,28.204],[264.539,35.147],[270,134]],"c":false}]},{"i":{"x":0.667,"y":1},"o":{"x":0.333,"y":0},"t":40,"s":[{"i":[[0,0],[-86.205,-20.159],[0,0],[0,0]],"o":[[0,0],[230.044,53.796],[0,0],[0,0]],"v":[[-403.89,-85.884],[-98.043,28.204],[244,54],[270,134]],"c":false}]},{"i":{"x":0.667,"y":1},"o":{"x":0.333,"y":0},"t":45,"s":[{"i":[[0,0],[-86.205,-20.159],[0,0],[0,0]],"o":[[0,0],[230.044,53.796],[0,0],[0,0]],"v":[[-403.89,-85.884],[-98.043,28.204],[264.539,35.147],[270,134]],"c":false}]},{"t":50,"s":[{"i":[[0,0],[-86.205,-20.159],[0,0],[0,0]],"o":[[0,0],[230.044,53.796],[0,0],[0,0]],"v":[[-403.89,-85.884],[-98.043,28.204],[244,54],[270,134]],"c":false}]}],"ix":2},"nm":"Path 1","mn":"ADBE Vector Shape - Group","hd":false},{"ty":"st","c":{"a":0,"k":[0.964552696078,0.010993069293,0.160775876513,1],"ix":3},"o":{"a":0,"k":100,"ix":4},"w":{"a":0,"k":4,"ix":5},"lc":1,"lj":1,"ml":4,"bm":0,"nm":"Stroke 1","mn":"ADBE Vector Graphic - Stroke","hd":false},{"ty":"tr","p":{"a":0,"k":[0,0],"ix":2},"a":{"a":0,"k":[0,0],"ix":1},"s":{"a":0,"k":[100,100],"ix":3},"r":{"a":0,"k":0,"ix":6},"o":{"a":0,"k":100,"ix":7},"sk":{"a":0,"k":0,"ix":4},"sa":{"a":0,"k":0,"ix":5},"nm":"Transform"}],"nm":"Shape 1","np":3,"cix":2,"bm":0,"ix":1,"mn":"ADBE Vector Group","hd":false}],"ip":0,"op":48,"st":0,"bm":0},{"ddd":0,"ind":6,"ty":4,"nm":"Rope—3","sr":1,"ks":{"o":{"a":0,"k":100,"ix":11},"r":{"a":0,"k":19,"ix":10},"p":{"a":0,"k":[839.957,654.328,0],"ix":2},"a":{"a":0,"k":[239.957,54.328,0],"ix":1},"s":{"a":0,"k":[100,100,100],"ix":6}},"ao":0,"shapes":[{"ty":"gr","it":[{"ind":0,"ty":"sh","ix":1,"ks":{"a":1,"k":[{"i":{"x":0.667,"y":1},"o":{"x":0.333,"y":0},"t":0,"s":[{"i":[[0,0],[-7.995,-2.097],[0,0],[0,0]],"o":[[0,0],[228.522,59.931],[0,0],[0,0]],"v":[[-123.198,28.991],[-98.043,28.204],[244,54],[270,134]],"c":false}]},{"i":{"x":0.667,"y":1},"o":{"x":0.333,"y":0},"t":5,"s":[{"i":[[0,0],[-7.995,-2.097],[0,0],[0,0]],"o":[[0,0],[228.522,59.931],[0,0],[0,0]],"v":[[-123.198,28.991],[-98.043,28.204],[258.027,33.306],[270,134]],"c":false}]},{"i":{"x":0.667,"y":1},"o":{"x":0.333,"y":0},"t":10,"s":[{"i":[[0,0],[-7.995,-2.097],[0,0],[0,0]],"o":[[0,0],[228.522,59.931],[0,0],[0,0]],"v":[[-123.198,28.991],[-98.043,28.204],[244,54],[270,134]],"c":false}]},{"i":{"x":0.667,"y":1},"o":{"x":0.333,"y":0},"t":15,"s":[{"i":[[0,0],[-7.995,-2.097],[0,0],[0,0]],"o":[[0,0],[228.522,59.931],[0,0],[0,0]],"v":[[-123.198,28.991],[-98.043,28.204],[258.027,33.306],[270,134]],"c":false}]},{"i":{"x":0.667,"y":1},"o":{"x":0.333,"y":0},"t":20,"s":[{"i":[[0,0],[-7.995,-2.097],[0,0],[0,0]],"o":[[0,0],[228.522,59.931],[0,0],[0,0]],"v":[[-123.198,28.991],[-98.043,28.204],[244,54],[270,134]],"c":false}]},{"i":{"x":0.667,"y":1},"o":{"x":0.333,"y":0},"t":25,"s":[{"i":[[0,0],[-7.995,-2.097],[0,0],[0,0]],"o":[[0,0],[228.522,59.931],[0,0],[0,0]],"v":[[-123.198,28.991],[-98.043,28.204],[258.027,33.306],[270,134]],"c":false}]},{"i":{"x":0.667,"y":1},"o":{"x":0.333,"y":0},"t":30,"s":[{"i":[[0,0],[-7.995,-2.097],[0,0],[0,0]],"o":[[0,0],[228.522,59.931],[0,0],[0,0]],"v":[[-123.198,28.991],[-98.043,28.204],[244,54],[270,134]],"c":false}]},{"i":{"x":0.667,"y":1},"o":{"x":0.333,"y":0},"t":35,"s":[{"i":[[0,0],[-7.995,-2.097],[0,0],[0,0]],"o":[[0,0],[228.522,59.931],[0,0],[0,0]],"v":[[-123.198,28.991],[-98.043,28.204],[258.027,33.306],[270,134]],"c":false}]},{"i":{"x":0.667,"y":1},"o":{"x":0.333,"y":0},"t":40,"s":[{"i":[[0,0],[-7.995,-2.097],[0,0],[0,0]],"o":[[0,0],[228.522,59.931],[0,0],[0,0]],"v":[[-123.198,28.991],[-98.043,28.204],[244,54],[270,134]],"c":false}]},{"i":{"x":0.667,"y":1},"o":{"x":0.333,"y":0},"t":45,"s":[{"i":[[0,0],[-7.995,-2.097],[0,0],[0,0]],"o":[[0,0],[228.522,59.931],[0,0],[0,0]],"v":[[-123.198,28.991],[-98.043,28.204],[258.027,33.306],[270,134]],"c":false}]},{"t":50,"s":[{"i":[[0,0],[-7.995,-2.097],[0,0],[0,0]],"o":[[0,0],[228.522,59.931],[0,0],[0,0]],"v":[[-123.198,28.991],[-98.043,28.204],[244,54],[270,134]],"c":false}]}],"ix":2},"nm":"Path 1","mn":"ADBE Vector Shape - Group","hd":false},{"ty":"st","c":{"a":0,"k":[0.964552696078,0.010993069293,0.160775876513,1],"ix":3},"o":{"a":0,"k":100,"ix":4},"w":{"a":0,"k":4,"ix":5},"lc":1,"lj":1,"ml":4,"bm":0,"nm":"Stroke 1","mn":"ADBE Vector Graphic - Stroke","hd":false},{"ty":"tr","p":{"a":0,"k":[0,0],"ix":2},"a":{"a":0,"k":[0,0],"ix":1},"s":{"a":0,"k":[100,100],"ix":3},"r":{"a":0,"k":0,"ix":6},"o":{"a":0,"k":100,"ix":7},"sk":{"a":0,"k":0,"ix":4},"sa":{"a":0,"k":0,"ix":5},"nm":"Transform"}],"nm":"Shape 1","np":3,"cix":2,"bm":0,"ix":1,"mn":"ADBE Vector Group","hd":false}],"ip":0,"op":48,"st":0,"bm":0},{"ddd":0,"ind":7,"ty":4,"nm":"Rope—4","sr":1,"ks":{"o":{"a":0,"k":100,"ix":11},"r":{"a":0,"k":-3,"ix":10},"p":{"a":0,"k":[839.957,654.328,0],"ix":2},"a":{"a":0,"k":[239.957,54.328,0],"ix":1},"s":{"a":0,"k":[100,100,100],"ix":6}},"ao":0,"shapes":[{"ty":"gr","it":[{"ind":0,"ty":"sh","ix":1,"ks":{"a":1,"k":[{"i":{"x":0.667,"y":1},"o":{"x":0.333,"y":0},"t":0,"s":[{"i":[[-82.419,-14.262],[0,0],[0,0]],"o":[[232.79,40.284],[0,0],[0,0]],"v":[[-64.509,37.972],[244,54],[270,134]],"c":false}]},{"i":{"x":0.667,"y":1},"o":{"x":0.333,"y":0},"t":5,"s":[{"i":[[-82.419,-14.262],[0,0],[0,0]],"o":[[232.79,40.284],[0,0],[0,0]],"v":[[-64.509,37.972],[266.598,43.168],[270,134]],"c":false}]},{"i":{"x":0.667,"y":1},"o":{"x":0.333,"y":0},"t":10,"s":[{"i":[[-82.419,-14.262],[0,0],[0,0]],"o":[[232.79,40.284],[0,0],[0,0]],"v":[[-64.509,37.972],[244,54],[270,134]],"c":false}]},{"i":{"x":0.667,"y":1},"o":{"x":0.333,"y":0},"t":15,"s":[{"i":[[-82.419,-14.262],[0,0],[0,0]],"o":[[232.79,40.284],[0,0],[0,0]],"v":[[-64.509,37.972],[266.598,43.168],[270,134]],"c":false}]},{"i":{"x":0.667,"y":1},"o":{"x":0.333,"y":0},"t":20,"s":[{"i":[[-82.419,-14.262],[0,0],[0,0]],"o":[[232.79,40.284],[0,0],[0,0]],"v":[[-64.509,37.972],[244,54],[270,134]],"c":false}]},{"i":{"x":0.667,"y":1},"o":{"x":0.333,"y":0},"t":25,"s":[{"i":[[-82.419,-14.262],[0,0],[0,0]],"o":[[232.79,40.284],[0,0],[0,0]],"v":[[-64.509,37.972],[266.598,43.168],[270,134]],"c":false}]},{"i":{"x":0.667,"y":1},"o":{"x":0.333,"y":0},"t":30,"s":[{"i":[[-82.419,-14.262],[0,0],[0,0]],"o":[[232.79,40.284],[0,0],[0,0]],"v":[[-64.509,37.972],[244,54],[270,134]],"c":false}]},{"i":{"x":0.667,"y":1},"o":{"x":0.333,"y":0},"t":35,"s":[{"i":[[-82.419,-14.262],[0,0],[0,0]],"o":[[232.79,40.284],[0,0],[0,0]],"v":[[-64.509,37.972],[266.598,43.168],[270,134]],"c":false}]},{"i":{"x":0.667,"y":1},"o":{"x":0.333,"y":0},"t":40,"s":[{"i":[[-82.419,-14.262],[0,0],[0,0]],"o":[[232.79,40.284],[0,0],[0,0]],"v":[[-64.509,37.972],[244,54],[270,134]],"c":false}]},{"i":{"x":0.667,"y":1},"o":{"x":0.333,"y":0},"t":45,"s":[{"i":[[-82.419,-14.262],[0,0],[0,0]],"o":[[232.79,40.284],[0,0],[0,0]],"v":[[-64.509,37.972],[266.598,43.168],[270,134]],"c":false}]},{"t":50,"s":[{"i":[[-82.419,-14.262],[0,0],[0,0]],"o":[[232.79,40.284],[0,0],[0,0]],"v":[[-64.509,37.972],[244,54],[270,134]],"c":false}]}],"ix":2},"nm":"Path 1","mn":"ADBE Vector Shape - Group","hd":false},{"ty":"st","c":{"a":0,"k":[0.964552696078,0.010993069293,0.160775876513,1],"ix":3},"o":{"a":0,"k":100,"ix":4},"w":{"a":0,"k":4,"ix":5},"lc":1,"lj":1,"ml":4,"bm":0,"nm":"Stroke 1","mn":"ADBE Vector Graphic - Stroke","hd":false},{"ty":"tr","p":{"a":0,"k":[0,0],"ix":2},"a":{"a":0,"k":[0,0],"ix":1},"s":{"a":0,"k":[100,100],"ix":3},"r":{"a":0,"k":0,"ix":6},"o":{"a":0,"k":100,"ix":7},"sk":{"a":0,"k":0,"ix":4},"sa":{"a":0,"k":0,"ix":5},"nm":"Transform"}],"nm":"Shape 1","np":3,"cix":2,"bm":0,"ix":1,"mn":"ADBE Vector Group","hd":false}],"ip":0,"op":48,"st":0,"bm":0},{"ddd":0,"ind":8,"ty":4,"nm":"Rope—5","sr":1,"ks":{"o":{"a":0,"k":100,"ix":11},"r":{"a":0,"k":5,"ix":10},"p":{"a":0,"k":[839.957,654.328,0],"ix":2},"a":{"a":0,"k":[239.957,54.328,0],"ix":1},"s":{"a":0,"k":[100,100,100],"ix":6}},"ao":0,"shapes":[{"ty":"gr","it":[{"ind":0,"ty":"sh","ix":1,"ks":{"a":1,"k":[{"i":{"x":0.667,"y":1},"o":{"x":0.333,"y":0},"t":0,"s":[{"i":[[-82.419,-14.262],[0,0],[0,0]],"o":[[232.79,40.284],[0,0],[0,0]],"v":[[-263.075,17.2],[244,54],[270,134]],"c":false}]},{"i":{"x":0.667,"y":1},"o":{"x":0.333,"y":0},"t":5,"s":[{"i":[[-82.419,-14.262],[0,0],[0,0]],"o":[[232.79,40.284],[0,0],[0,0]],"v":[[-263.075,17.2],[263.332,39.761],[270,134]],"c":false}]},{"i":{"x":0.667,"y":1},"o":{"x":0.333,"y":0},"t":10,"s":[{"i":[[-82.419,-14.262],[0,0],[0,0]],"o":[[232.79,40.284],[0,0],[0,0]],"v":[[-263.075,17.2],[244,54],[270,134]],"c":false}]},{"i":{"x":0.667,"y":1},"o":{"x":0.333,"y":0},"t":15,"s":[{"i":[[-82.419,-14.262],[0,0],[0,0]],"o":[[232.79,40.284],[0,0],[0,0]],"v":[[-263.075,17.2],[263.332,39.761],[270,134]],"c":false}]},{"i":{"x":0.667,"y":1},"o":{"x":0.333,"y":0},"t":20,"s":[{"i":[[-82.419,-14.262],[0,0],[0,0]],"o":[[232.79,40.284],[0,0],[0,0]],"v":[[-263.075,17.2],[244,54],[270,134]],"c":false}]},{"i":{"x":0.667,"y":1},"o":{"x":0.333,"y":0},"t":25,"s":[{"i":[[-82.419,-14.262],[0,0],[0,0]],"o":[[232.79,40.284],[0,0],[0,0]],"v":[[-263.075,17.2],[263.332,39.761],[270,134]],"c":false}]},{"i":{"x":0.667,"y":1},"o":{"x":0.333,"y":0},"t":30,"s":[{"i":[[-82.419,-14.262],[0,0],[0,0]],"o":[[232.79,40.284],[0,0],[0,0]],"v":[[-263.075,17.2],[244,54],[270,134]],"c":false}]},{"i":{"x":0.667,"y":1},"o":{"x":0.333,"y":0},"t":35,"s":[{"i":[[-82.419,-14.262],[0,0],[0,0]],"o":[[232.79,40.284],[0,0],[0,0]],"v":[[-263.075,17.2],[263.332,39.761],[270,134]],"c":false}]},{"i":{"x":0.667,"y":1},"o":{"x":0.333,"y":0},"t":40,"s":[{"i":[[-82.419,-14.262],[0,0],[0,0]],"o":[[232.79,40.284],[0,0],[0,0]],"v":[[-263.075,17.2],[244,54],[270,134]],"c":false}]},{"i":{"x":0.667,"y":1},"o":{"x":0.333,"y":0},"t":45,"s":[{"i":[[-82.419,-14.262],[0,0],[0,0]],"o":[[232.79,40.284],[0,0],[0,0]],"v":[[-263.075,17.2],[263.332,39.761],[270,134]],"c":false}]},{"t":50,"s":[{"i":[[-82.419,-14.262],[0,0],[0,0]],"o":[[232.79,40.284],[0,0],[0,0]],"v":[[-263.075,17.2],[244,54],[270,134]],"c":false}]}],"ix":2},"nm":"Path 1","mn":"ADBE Vector Shape - Group","hd":false},{"ty":"st","c":{"a":0,"k":[0.964552696078,0.010993069293,0.160775876513,1],"ix":3},"o":{"a":0,"k":100,"ix":4},"w":{"a":0,"k":4,"ix":5},"lc":1,"lj":1,"ml":4,"bm":0,"nm":"Stroke 1","mn":"ADBE Vector Graphic - Stroke","hd":false},{"ty":"tr","p":{"a":0,"k":[0,0],"ix":2},"a":{"a":0,"k":[0,0],"ix":1},"s":{"a":0,"k":[100,100],"ix":3},"r":{"a":0,"k":0,"ix":6},"o":{"a":0,"k":100,"ix":7},"sk":{"a":0,"k":0,"ix":4},"sa":{"a":0,"k":0,"ix":5},"nm":"Transform"}],"nm":"Shape 1","np":3,"cix":2,"bm":0,"ix":1,"mn":"ADBE Vector Group","hd":false}],"ip":0,"op":48,"st":0,"bm":0},{"ddd":0,"ind":9,"ty":0,"nm":"HORSE","refId":"comp_0","sr":1,"ks":{"o":{"a":0,"k":100,"ix":11},"r":{"a":0,"k":14,"ix":10},"p":{"a":0,"k":[527,534,0],"ix":2},"a":{"a":0,"k":[600,600,0],"ix":1},"s":{"a":0,"k":[62,62,100],"ix":6}},"ao":0,"ef":[{"ty":21,"nm":"Fill","np":9,"mn":"ADBE Fill","ix":1,"en":1,"ef":[{"ty":10,"nm":"Fill Mask","mn":"ADBE Fill-0001","ix":1,"v":{"a":0,"k":0,"ix":1}},{"ty":7,"nm":"All Masks","mn":"ADBE Fill-0007","ix":2,"v":{"a":0,"k":0,"ix":2}},{"ty":2,"nm":"Color","mn":"ADBE Fill-0002","ix":3,"v":{"a":0,"k":[1,0,0,1],"ix":3}},{"ty":7,"nm":"Invert","mn":"ADBE Fill-0006","ix":4,"v":{"a":0,"k":0,"ix":4}},{"ty":0,"nm":"Horizontal Feather","mn":"ADBE Fill-0003","ix":5,"v":{"a":0,"k":0,"ix":5}},{"ty":0,"nm":"Vertical Feather","mn":"ADBE Fill-0004","ix":6,"v":{"a":0,"k":0,"ix":6}},{"ty":0,"nm":"Opacity","mn":"ADBE Fill-0005","ix":7,"v":{"a":0,"k":1,"ix":7}}]}],"w":1200,"h":1200,"ip":0,"op":48,"st":0,"bm":0},{"ddd":0,"ind":10,"ty":0,"nm":"HORSE","refId":"comp_0","sr":1,"ks":{"o":{"a":0,"k":100,"ix":11},"r":{"a":0,"k":14,"ix":10},"p":{"a":0,"k":[272,450,0],"ix":2},"a":{"a":0,"k":[600,600,0],"ix":1},"s":{"a":0,"k":[62,62,100],"ix":6}},"ao":0,"ef":[{"ty":21,"nm":"Fill","np":9,"mn":"ADBE Fill","ix":1,"en":1,"ef":[{"ty":10,"nm":"Fill Mask","mn":"ADBE Fill-0001","ix":1,"v":{"a":0,"k":0,"ix":1}},{"ty":7,"nm":"All Masks","mn":"ADBE Fill-0007","ix":2,"v":{"a":0,"k":0,"ix":2}},{"ty":2,"nm":"Color","mn":"ADBE Fill-0002","ix":3,"v":{"a":0,"k":[1,0,0,1],"ix":3}},{"ty":7,"nm":"Invert","mn":"ADBE Fill-0006","ix":4,"v":{"a":0,"k":0,"ix":4}},{"ty":0,"nm":"Horizontal Feather","mn":"ADBE Fill-0003","ix":5,"v":{"a":0,"k":0,"ix":5}},{"ty":0,"nm":"Vertical Feather","mn":"ADBE Fill-0004","ix":6,"v":{"a":0,"k":0,"ix":6}},{"ty":0,"nm":"Opacity","mn":"ADBE Fill-0005","ix":7,"v":{"a":0,"k":1,"ix":7}}]}],"w":1200,"h":1200,"ip":0,"op":48,"st":0,"bm":0},{"ddd":0,"ind":11,"ty":0,"nm":"HORSE","refId":"comp_0","sr":1,"ks":{"o":{"a":0,"k":100,"ix":11},"r":{"a":0,"k":14,"ix":10},"p":{"a":0,"k":[173,541,0],"ix":2},"a":{"a":0,"k":[600,600,0],"ix":1},"s":{"a":0,"k":[62,62,100],"ix":6}},"ao":0,"ef":[{"ty":21,"nm":"Fill","np":9,"mn":"ADBE Fill","ix":1,"en":1,"ef":[{"ty":10,"nm":"Fill Mask","mn":"ADBE Fill-0001","ix":1,"v":{"a":0,"k":0,"ix":1}},{"ty":7,"nm":"All Masks","mn":"ADBE Fill-0007","ix":2,"v":{"a":0,"k":0,"ix":2}},{"ty":2,"nm":"Color","mn":"ADBE Fill-0002","ix":3,"v":{"a":0,"k":[1,0,0,1],"ix":3}},{"ty":7,"nm":"Invert","mn":"ADBE Fill-0006","ix":4,"v":{"a":0,"k":0,"ix":4}},{"ty":0,"nm":"Horizontal Feather","mn":"ADBE Fill-0003","ix":5,"v":{"a":0,"k":0,"ix":5}},{"ty":0,"nm":"Vertical Feather","mn":"ADBE Fill-0004","ix":6,"v":{"a":0,"k":0,"ix":6}},{"ty":0,"nm":"Opacity","mn":"ADBE Fill-0005","ix":7,"v":{"a":0,"k":1,"ix":7}}]}],"w":1200,"h":1200,"ip":0,"op":48,"st":0,"bm":0},{"ddd":0,"ind":12,"ty":0,"nm":"HORSE","refId":"comp_0","sr":1,"ks":{"o":{"a":0,"k":100,"ix":11},"r":{"a":0,"k":19,"ix":10},"p":{"a":0,"k":[369,600,0],"ix":2},"a":{"a":0,"k":[600,600,0],"ix":1},"s":{"a":0,"k":[57,57,100],"ix":6}},"ao":0,"ef":[{"ty":21,"nm":"Fill","np":9,"mn":"ADBE Fill","ix":1,"en":1,"ef":[{"ty":10,"nm":"Fill Mask","mn":"ADBE Fill-0001","ix":1,"v":{"a":0,"k":0,"ix":1}},{"ty":7,"nm":"All Masks","mn":"ADBE Fill-0007","ix":2,"v":{"a":0,"k":0,"ix":2}},{"ty":2,"nm":"Color","mn":"ADBE Fill-0002","ix":3,"v":{"a":0,"k":[1,0,0,1],"ix":3}},{"ty":7,"nm":"Invert","mn":"ADBE Fill-0006","ix":4,"v":{"a":0,"k":0,"ix":4}},{"ty":0,"nm":"Horizontal Feather","mn":"ADBE Fill-0003","ix":5,"v":{"a":0,"k":0,"ix":5}},{"ty":0,"nm":"Vertical Feather","mn":"ADBE Fill-0004","ix":6,"v":{"a":0,"k":0,"ix":6}},{"ty":0,"nm":"Opacity","mn":"ADBE Fill-0005","ix":7,"v":{"a":0,"k":1,"ix":7}}]}],"w":1200,"h":1200,"ip":0,"op":48,"st":0,"bm":0},{"ddd":0,"ind":13,"ty":0,"nm":"HORSE","refId":"comp_0","sr":1,"ks":{"o":{"a":0,"k":100,"ix":11},"r":{"a":0,"k":19,"ix":10},"p":{"a":0,"k":[559,671,0],"ix":2},"a":{"a":0,"k":[600,600,0],"ix":1},"s":{"a":0,"k":[61,61,100],"ix":6}},"ao":0,"ef":[{"ty":21,"nm":"Fill","np":9,"mn":"ADBE Fill","ix":1,"en":1,"ef":[{"ty":10,"nm":"Fill Mask","mn":"ADBE Fill-0001","ix":1,"v":{"a":0,"k":0,"ix":1}},{"ty":7,"nm":"All Masks","mn":"ADBE Fill-0007","ix":2,"v":{"a":0,"k":0,"ix":2}},{"ty":2,"nm":"Color","mn":"ADBE Fill-0002","ix":3,"v":{"a":0,"k":[1,0,0,1],"ix":3}},{"ty":7,"nm":"Invert","mn":"ADBE Fill-0006","ix":4,"v":{"a":0,"k":0,"ix":4}},{"ty":0,"nm":"Horizontal Feather","mn":"ADBE Fill-0003","ix":5,"v":{"a":0,"k":0,"ix":5}},{"ty":0,"nm":"Vertical Feather","mn":"ADBE Fill-0004","ix":6,"v":{"a":0,"k":0,"ix":6}},{"ty":0,"nm":"Opacity","mn":"ADBE Fill-0005","ix":7,"v":{"a":0,"k":1,"ix":7}}]}],"w":1200,"h":1200,"ip":0,"op":48,"st":0,"bm":0}],"markers":[]}